Soil,Time,Date,Treatment,pH,ATP,Gl,Gl0,at13Gl,R,delta13CO2,Rc,O2,RQ,DOCw,DNw,DONw,NH4w,NO3w,PO4w,DPw,DOPw,Al,S,Fe,Cpotass,CpotassAtm,Cflush,CflushAtm,Npotass,Nflush,Puhl,Pflush,DNA,RNA,VmaxBG,KmBG,KiBG,VmaxCL,KmCL,KiCL,VmaxCh,KmCh,KiCh,VmaxL,KmL,VmaxP,KmP,KiP,Notes
Plesne,0,1/15/2021,Aerobic,4.14,17.3,,500,0.03,0.2,-25.0,0,,,72.56,3.09,1.09,1.75,0.25,1.45,1.48,0.04,0.20,5.94,0.03,18.3,0.011,63.0,0.0109347,10.0,9.1,1.06,2.86,0.34,0.0009,0.74,5.80,,0.23,6.50,,0.23,6.50,,0.05,2.64,1.28,8.41,1.39,RNA data suspicious
Plesne,0,1/15/2021,Aerobic,4.11,15.3,,500,0.03,0.1,-24.7,0,,,85.75,3.50,1.59,1.68,0.23,1.41,1.44,0.03,0.23,1.23,0.03,39.4,0.011,48.9,0.0109741,17.4,1.9,1.15,1.63,0.28,0.0301,0.63,5.57,,0.21,11.35,,0.21,11.35,,0.05,3.14,0.69,6.47,677.65,
Plesne,0,1/15/2021,Aerobic,4.13,19.8,,500,0.03,0.1,-24.8,0,,,80.01,3.30,1.51,1.57,0.23,1.42,1.46,0.04,0.19,0.61,0.03,28.2,0.011,39.1,0.0109576,13.9,2.4,1.23,2.40,0.34,0.0917,0.46,3.77,,0.09,2.33,303.12,0.09,3.01,304.02,0.03,10.63,0.93,15.11,2.31,
Plesne,0,1/15/2021,Aerobic,4.11,15.5,,500,0.03,0.1,-24.6,0,,,72.56,3.26,1.26,1.54,0.46,1.39,1.43,0.05,0.19,1.97,0.03,27.8,0.011,45.8,0.0109747,13.2,4.0,1.35,2.32,0.32,0.1116,0.50,5.18,,0.19,14.01,,0.19,14.01,,0.03,6.27,0.57,7.99,507.02,
Certovo,0,1/15/2021,Aerobic,4.3,20.2,,500,0.03,0.2,-25.0,0,,,64.58,2.88,,2.61,0.54,0.48,0.49,0.01,0.37,0.75,0.08,19.6,0.011,67.9,0.0109652,15.2,6.3,0.51,4.81,0.51,0.4944,0.23,4.31,430.0041,0.16,13.72,,0.16,13.72,,0.05,1.28,2.09,19.05,,
Certovo,0,1/15/2021,Aerobic,4.3,22.5,,500,0.03,0.2,-24.7,0,,,66.38,2.61,,2.34,0.43,0.39,0.42,0.03,0.37,1.61,0.09,21.8,0.011,79.5,0.0108724,16.8,8.2,0.43,5.28,0.58,0.3581,0.42,3.73,0.1321,0.16,13.16,,0.16,13.16,,0.05,1.55,2.15,18.20,100.00,
Certovo,0,1/15/2021,Aerobic,4.3,18.7,,500,0.03,0.1,-25.0,0,,,56.81,3.21,0.22,2.58,0.40,0.42,0.42,0.00,0.37,0.59,0.09,24.9,0.011,79.8,0.0107983,18.3,7.5,0.48,5.14,0.53,0.0174,0.31,5.10,,0.18,19.90,0.48,0.23,23.60,0.16,0.03,3.49,2.14,15.01,,
Certovo,0,1/15/2021,Aerobic,4.3,22.2,,500,0.03,0.2,-24.9,0,,,63.74,3.42,0.31,2.65,0.45,0.41,0.41,0.00,0.36,0.60,0.08,21.5,0.011,84.7,0.0108024,16.4,8.8,0.44,5.23,0.50,0.0032,0.22,4.14,541.3111,0.17,23.14,,0.17,23.14,,0.02,9.57,3.22,27.94,1.97,RNA data suspicious
Plesne,0.17,1/18/2021,Aerobic,,,589.1,500,0.03,0.5,,1,3.2,0.15,,,,,,,,,,,,,,,,,,,,,,,,,,,,,,,,,,,,O2 data suspicious
Plesne,0.17,1/18/2021,Aerobic,,,528.4,500,0.03,0.5,,1,3.1,0.16,,,,,,,,,,,,,,,,,,,,,,,,,,,,,,,,,,,,O2 data suspicious
Plesne,0.17,1/18/2021,Aerobic,,,610.7,500,0.03,0.5,,1,4.3,0.11,,,,,,,,,,,,,,,,,,,,,,,,,,,,,,,,,,,,O2 data suspicious
Plesne,0.17,1/18/2021,Aerobic,,,572.5,500,0.03,0.5,,1,4.3,0.11,,,,,,,,,,,,,,,,,,,,,,,,,,,0.37,,,,,,,,,O2 data suspicious
Certovo,0.19,1/18/2021,Aerobic,,,558.7,500,0.03,0.8,,2,1.9,0.43,,,,,,,,,,,,,,,,,,,,,,,,,,,,,,,,,,,,
Certovo,0.19,1/18/2021,Aerobic,,,413.0,500,0.03,0.8,,2,3.7,0.21,,,,,,,,,,,,,,,,,,,,,,,,,,,,,,,,,,,,
Certovo,0.19,1/18/2021,Aerobic,,,533.8,500,0.03,0.8,,2,3.5,0.23,,,,,,,,,,,,,,,,,,,,,,,,,,,,,,,,,,,,
Certovo,0.19,1/18/2021,Aerobic,,,483.0,500,0.03,0.7,,2,4.2,0.17,,,,,,,,,,,,,,,,,,,,,,,,,,,,,,,,,,,,
Plesne,1,1/19/2021,Aerobic,4.12,18.7,498.4,500,0.03,0.5,1365.5,11,1.0,0.49,333.03,3.98,2.08,1.52,0.37,1.27,1.28,0.01,0.35,1.26,0.04,417.2,0.028,62.1,0.0140308,11.7,5.5,1.11,2.11,0.39,0.1295,0.80,9.03,,0.23,13.40,,0.34,8.69,0.08,0.05,2.85,1.36,10.57,1.69,
Plesne,1,1/19/2021,Aerobic,4.12,19.4,441.3,500,0.03,0.6,1362.6,12,1.1,0.57,282.62,3.12,1.17,1.58,0.37,1.23,1.24,0.01,0.31,0.49,0.04,332.0,0.028,76.2,0.0169803,13.4,1.5,1.15,1.97,0.33,0.0023,0.80,13.24,,0.21,19.18,,0.20,19.03,,0.03,6.52,0.98,12.51,921.90,
Plesne,1,1/19/2021,Aerobic,4.07,14.1,243.7,500,0.03,0.5,1355.4,11,1.3,0.42,392.45,2.95,1.19,1.37,0.39,1.20,1.05,0.00,0.35,0.97,0.05,293.7,0.028,175.9,0.0238031,11.4,3.4,1.15,2.14,0.30,0.0404,0.62,8.39,,0.24,20.79,,0.38,29.83,0.25,0.05,2.61,1.11,9.85,2.05,
Plesne,1,1/19/2021,Aerobic,4.08,11.4,428.2,500,0.03,0.5,1353.0,11,1.4,0.36,348.09,4.41,2.76,1.36,0.30,1.22,1.09,0.00,0.46,0.49,0.06,298.6,0.028,121.1,0.0205966,10.4,4.5,1.18,1.85,0.43,0.0045,0.50,10.50,,0.29,29.84,,0.22,24.52,,0.04,3.25,1.20,16.42,0.84,
Certovo,1,1/19/2021,Aerobic,4.22,30.4,484.1,500,0.03,0.8,1364.9,18,1.3,0.63,415.07,4.33,1.08,2.52,0.73,0.28,0.35,0.06,0.50,0.77,0.12,342.6,0.028,137.9,0.0195291,15.6,5.5,0.68,6.14,0.44,0.0016,0.45,11.28,1.0066,0.18,11.08,,0.18,11.08,,0.06,1.63,3.08,12.63,0.48,
Certovo,1,1/19/2021,Aerobic,4.24,20.8,457.6,500,0.03,0.8,1352.8,17,1.4,0.56,410.35,3.10,0.00,2.62,0.56,0.34,0.33,0.00,0.44,1.12,0.09,380.8,0.029,110.7,0.0148243,16.0,5.2,0.64,6.49,0.52,0.5405,0.49,10.07,0.2895,0.20,24.42,43.96,0.20,24.42,,0.04,3.81,2.77,29.45,3.04,RNA data suspicious
Certovo,1,1/19/2021,Aerobic,4.25,17.1,468.4,500,0.03,0.9,1364.6,19,1.2,0.74,411.28,4.50,0.46,3.54,0.50,0.36,0.35,0.00,0.52,0.71,0.12,319.7,0.028,177.1,0.0204508,16.3,5.3,0.52,5.12,0.54,0.0249,0.44,14.94,2.1312,0.19,22.44,,0.19,22.44,,0.04,3.92,3.21,18.33,2.01,
Certovo,1,1/19/2021,Aerobic,4.24,18.5,414.7,500,0.03,0.9,1365.8,18,1.3,0.65,408.55,4.20,0.58,3.13,0.50,0.35,0.35,0.00,0.41,0.67,0.09,328.4,0.028,104.6,0.0162619,14.7,4.5,0.55,5.18,0.54,0.0046,0.29,5.46,580.6113,0.22,29.26,,0.22,29.25,,0.04,2.68,4.07,32.08,1.86,
Plesne,2,1/20/2021,Aerobic,4.02,18.2,363.5,500,0.03,1.4,1574.4,34,1.8,0.75,318.21,3.77,3.33,0.21,0.23,0.29,0.30,0.01,0.39,1.08,0.05,278.4,0.027,,,2.4,0.6,0.52,1.20,0.32,0.0016,0.49,9.19,,0.19,15.78,,0.19,15.78,,0.03,4.18,0.76,12.86,,
Plesne,2,1/20/2021,Aerobic,4.01,16.3,367.6,500,0.03,1.3,1572.7,36,1.7,0.79,353.89,3.96,3.60,0.14,0.22,0.35,0.35,0.00,0.38,0.41,0.05,203.3,0.027,147.1,0.0236111,2.9,4.3,0.57,2.70,0.36,0.0218,0.39,11.15,,0.19,22.08,,0.52,38.49,0.06,0.03,7.65,0.69,15.60,1.80,
Plesne,2,1/20/2021,Aerobic,4.01,14.0,276.4,500,0.03,1.2,1542.3,32,1.6,0.79,298.37,3.58,3.21,0.18,0.18,0.28,0.28,0.01,0.40,0.42,0.06,257.0,0.027,,,2.1,5.3,0.52,2.53,0.31,0.0010,0.50,9.29,,0.23,27.08,,0.32,36.81,0.38,0.04,5.46,1.15,10.48,0.35,
Plesne,2,1/20/2021,Aerobic,4.02,13.5,370.7,500,0.03,1.2,1547.4,32,1.5,0.80,313.47,3.85,3.39,0.14,0.32,0.30,0.31,0.01,0.42,0.38,0.06,262.7,0.028,,,1.9,4.0,0.48,2.71,0.34,0.0011,0.42,9.27,,0.20,30.44,,0.20,30.61,21.35,0.03,11.29,1.10,20.10,0.50,
Certovo,2,1/20/2021,Aerobic,4.18,53.1,397.6,500,0.03,1.2,1475.5,42,1.4,0.83,319.55,4.46,1.61,2.31,0.54,0.17,0.21,0.04,0.54,0.79,0.12,257.0,0.027,127.1,0.0150502,13.2,3.4,0.47,6.05,0.43,0.0011,0.28,5.69,368.3617,0.21,30.70,,0.21,30.41,,0.04,3.11,5.96,38.40,0.86,
Certovo,2,1/20/2021,Aerobic,4.18,19.7,356.7,500,0.03,1.1,1480.2,40,1.4,0.74,328.66,3.93,0.64,2.83,0.46,0.17,0.20,0.04,0.51,0.64,0.12,279.2,0.027,100.6,0.0117736,11.0,6.8,0.53,6.37,0.46,0.2063,0.45,12.87,,0.21,18.99,,0.21,18.98,,0.05,2.27,2.15,19.16,65.51,RNA data suspicious
Certovo,2,1/20/2021,Aerobic,4.19,18.5,365.2,500,0.03,1.2,1475.9,43,1.4,0.82,292.13,3.94,1.12,2.37,0.44,0.16,0.21,0.05,0.49,0.62,0.10,233.1,0.028,170.9,0.0176805,10.3,7.8,0.40,5.44,0.43,0.0025,0.37,12.00,,0.22,33.06,,0.22,33.06,,0.04,4.61,3.02,26.60,1.39,
Certovo,2,1/20/2021,Aerobic,4.19,18.0,340.5,500,0.03,1.1,1480.2,42,1.3,0.83,325.18,3.64,0.61,2.33,0.70,0.15,0.20,0.04,0.48,0.65,0.10,182.8,0.028,270.7,0.0214107,10.9,8.4,0.41,6.18,0.51,0.0021,0.49,13.31,,0.21,22.10,,0.23,23.46,0.70,0.04,3.79,3.18,16.98,1.77,
Plesne,3,1/21/2021,Aerobic,4.08,20.7,106.9,500,0.03,3.1,1647.9,87,3.1,0.98,86.29,3.93,3.60,0.25,0.08,0.06,0.12,0.06,0.29,2.28,0.04,54.0,0.021,76.7,0.0185294,1.8,2.3,0.19,3.20,0.24,0.0032,1.08,6.08,0.6854,0.26,11.61,,0.26,11.61,,0.06,1.79,1.68,9.47,0.92,
Plesne,3,1/21/2021,Aerobic,4.03,21.5,123.5,500,0.03,2.8,1643.7,86,2.8,0.99,130.62,4.80,4.49,0.24,0.07,0.04,0.08,0.05,0.23,0.59,0.03,100.1,0.023,56.6,0.0186622,1.5,4.0,0.24,1.50,0.30,0.0039,0.45,7.77,1.1013,0.23,33.27,,0.23,33.27,,0.03,6.36,0.93,15.18,0.96,
Plesne,3,1/21/2021,Aerobic,4.01,5.9,140.2,500,0.03,2.7,1563.2,79,2.8,0.96,95.96,3.62,3.31,0.19,0.12,0.03,0.08,0.05,0.26,0.31,0.04,100.5,0.025,96.9,0.0174287,1.9,3.3,0.25,2.33,0.36,0.0083,0.42,9.44,,0.21,23.23,,0.21,23.22,,0.04,4.67,1.04,19.76,0.60,
Plesne,3,1/21/2021,Aerobic,4.01,11.1,193.8,500,0.03,2.7,1640.0,78,2.6,1.01,117.50,4.46,4.16,0.22,0.07,0.03,0.08,0.05,0.34,0.40,0.05,103.6,0.025,97.6,0.0200254,1.4,3.7,0.27,2.20,0.39,0.0015,0.43,10.00,,0.21,32.00,,0.21,33.72,,0.03,14.62,1.15,18.46,0.49,
Certovo,3,1/21/2021,Aerobic,4.02,16.5,337.7,500,0.03,2.3,1607.2,84,2.6,0.89,127.57,3.49,2.66,0.43,0.41,0.02,0.05,0.04,0.48,0.57,0.11,100.3,0.025,172.3,0.0212781,5.6,5.1,0.32,2.77,0.55,0.0025,0.46,8.73,0.1705,0.23,39.37,,0.23,39.95,,0.04,4.00,2.09,15.60,1.47,
Certovo,3,1/21/2021,Aerobic,4.04,29.4,398.4,500,0.03,2.0,1511.7,77,2.5,0.80,127.34,2.30,1.33,0.61,0.37,0.01,0.03,0.02,0.43,0.53,0.10,143.2,0.026,178.8,0.0206297,3.3,7.5,0.34,5.55,0.37,0.0005,0.35,9.20,,0.21,34.08,,0.34,53.22,0.27,0.03,5.15,1.51,15.55,,
Certovo,3,1/21/2021,Aerobic,4.05,9.0,401.3,500,0.03,2.0,1599.3,81,2.4,0.85,118.78,3.18,2.00,0.78,0.39,0.02,0.05,0.04,0.52,0.60,0.12,165.4,0.027,139.4,0.0194789,4.5,4.4,0.34,3.29,0.54,0.0018,0.55,17.86,0.4057,0.23,39.58,,0.23,39.58,,0.03,6.63,3.06,24.73,1.25,
Certovo,3,1/21/2021,Aerobic,4.07,17.1,355.3,500,0.03,1.9,1599.7,78,2.3,0.83,155.57,3.74,2.58,0.77,0.39,0.02,0.05,0.04,0.51,0.58,0.11,121.0,0.027,176.9,0.020981,4.4,6.9,0.30,5.89,0.54,0.0012,0.45,12.52,1.0844,0.20,26.92,,0.20,27.13,,0.05,2.88,2.72,20.09,0.99,
Plesne,4,1/22/2021,Aerobic,,,,500,0.03,0.4,,129,1.2,0.34,,,,,,,,,,,,,,,,,,,,,,,,,,,,,,,,,,,,
Plesne,4,1/22/2021,Aerobic,,,,500,0.03,0.5,,125,1.4,0.35,,,,,,,,,,,,,,,,,,,,,,,,,,,,,,,,,,,,
Plesne,4,1/22/2021,Aerobic,,,,500,0.03,0.4,,117,1.1,0.39,,,,,,,,,,,,,,,,,,,,,,,,,,,,,,,,,,,,
Plesne,4,1/22/2021,Aerobic,,,,500,0.03,0.5,,116,1.2,0.45,,,,,,,,,,,,,,,,,,,,,,,,,,,,,,,,,,,,
Certovo,4,1/22/2021,Aerobic,,,,500,0.03,0.7,,120,1.1,0.61,,,,,,,,,,,,,,,,,,,,,,,,,,,,,,,,,,,,
Certovo,4,1/22/2021,Aerobic,,,,500,0.03,0.6,,109,1.7,0.38,,,,,,,,,,,,,,,,,,,,,,,,,,,,,,,,,,,,
Certovo,4,1/22/2021,Aerobic,,,,500,0.03,0.6,,112,0.9,0.65,,,,,,,,,,,,,,,,,,,,,,,,,,,,,,,,,,,,
Certovo,4,1/22/2021,Aerobic,,,,500,0.03,0.8,,110,1.4,0.54,,,,,,,,,,,,,,,,,,,,,,,,,,,,,,,,,,,,
Plesne,7,1/25/2021,Aerobic,4.10,21.1,0,500,0.03,0.3,671.1,154,0.3,0.89,89.31,4.64,4.37,0.19,0.08,0.02,0.06,0.04,0.28,2.27,0.04,32.1,0.012,67.7,0.0163393,1.5,4.7,0.12,3.02,0.30,0.0028,0.79,6.13,,0.25,13.11,,0.25,13.11,,0.05,3.36,1.35,8.60,1.11,
Plesne,7,1/25/2021,Aerobic,4.12,34.3,0,500,0.03,0.3,670.1,153,0.3,0.95,69.20,2.77,2.48,0.23,0.06,0.01,0.05,0.03,0.27,0.92,0.04,28.5,0.012,39.9,0.0179982,1.2,2.0,0.17,3.47,0.30,0.0004,0.52,5.46,914.9142,0.20,12.27,,0.20,12.27,,0.03,4.77,1.49,13.49,0.36,
Plesne,7,1/25/2021,Aerobic,4.08,29.7,0,500,0.03,0.3,663.3,142,0.2,1.64,76.46,3.52,3.22,0.21,0.09,0.02,0.06,0.04,0.23,0.69,0.04,30.1,0.012,36.8,0.0192802,1.6,1.8,0.16,3.12,0.33,0.0034,0.50,5.75,,0.19,10.75,,0.19,10.75,,0.05,2.17,0.86,13.36,,RQ data suspicious
Plesne,7,1/25/2021,Aerobic,4.15,26.9,0,500,0.03,0.3,685.6,145,0.1,2.99,80.83,4.65,4.37,0.19,0.10,0.03,0.07,0.04,0.24,0.52,0.03,29.4,0.012,29.7,0.0194618,1.6,1.6,0.19,3.09,0.25,0.0011,0.57,7.83,,0.18,10.51,,0.18,10.51,,0.04,4.34,1.19,11.42,1.18,RQ data suspicious
Certovo,7,1/25/2021,Aerobic,4.10,69.3,11.0156271736748,500,0.03,0.5,837.1,160,0.8,0.59,71.46,2.77,2.55,0.17,0.04,0.01,,,0.42,1.74,0.10,23.3,0.012,85.1,0.0174972,1.7,6.2,0.27,5.87,0.49,0.0197,0.53,7.98,,0.19,13.17,338.50,0.19,13.17,,0.04,4.59,4.84,14.14,1.43,
Certovo,7,1/25/2021,Aerobic,4.12,33.7,13.4885588726782,500,0.03,0.5,830.9,148,0.7,0.64,74.12,2.82,2.61,0.14,0.07,0.01,0.04,0.03,0.40,0.48,0.09,24.3,0.012,117.5,0.0176413,1.2,9.0,0.31,5.84,0.44,0.0609,0.45,5.41,0.7736,0.20,21.17,,0.20,21.17,,0.05,2.85,2.65,14.13,37.14,
Certovo,7,1/25/2021,Aerobic,4.10,22.1,7.71838490833688,500,0.03,0.4,841.9,149,1.0,0.45,84.95,3.95,3.76,0.10,0.09,0.01,0.04,0.03,0.42,0.41,0.10,23.4,0.012,107.5,0.0176645,1.1,8.8,0.30,5.91,0.60,0.1052,0.41,10.10,0.3400,0.19,30.83,0.19,0.19,31.42,,0.03,6.14,3.18,17.55,1.14,
Certovo,7,1/25/2021,Aerobic,4.08,22.4,11.8399377400092,500,0.03,0.4,854.1,153,1.1,0.41,77.95,2.96,2.79,0.10,0.07,0.00,0.03,0.02,0.39,0.62,0.09,26.4,0.012,108.0,0.0177512,1.1,8.5,0.27,6.17,0.43,0.0574,0.57,6.79,1.1133,0.21,16.81,,0.21,16.81,,0.05,3.11,4.27,8.76,1.10,
Plesne,9,1/27/2021,Aerobic,4.06,23.5,0,500,0.03,0.2,749.7,164,0.3,0.49,110.90,5.49,5.16,0.17,0.16,0.06,0.13,0.06,0.27,0.42,0.04,30.9,0.012,40.0,0.0179658,1.2,2.3,0.15,2.33,0.26,,0.70,6.88,,0.23,14.58,0.95,0.29,13.91,0.18,0.04,4.07,1.71,9.15,0.27,
Plesne,9,1/27/2021,Aerobic,4.06,35.3,0,500,0.03,0.2,744.5,163,0.3,0.49,79.37,4.11,3.88,0.18,0.04,0.02,0.06,0.04,0.24,0.42,0.04,23.1,0.012,41.1,0.0174615,1.0,2.3,0.15,1.85,0.29,,0.49,5.18,,0.17,10.44,,0.17,10.44,,0.03,4.07,0.85,8.60,0.69,
Plesne,9,1/27/2021,Aerobic,4.08,24.4,0,500,0.03,0.1,736.4,152,0.3,0.45,84.82,4.30,4.09,0.15,0.06,0.02,0.05,0.04,0.20,0.36,0.03,24.8,0.012,37.1,0.0179689,1.3,2.1,0.27,2.19,0.20,,0.64,6.18,,0.20,8.99,,0.20,8.99,,0.04,3.50,0.90,12.67,,
Plesne,9,1/27/2021,Aerobic,4.11,16.2,0,500,0.03,0.2,763.7,156,0.3,0.50,81.65,3.58,3.36,0.13,0.08,0.01,0.05,0.04,0.19,0.39,0.03,26.0,0.012,52.2,0.0175625,1.1,3.1,0.17,2.37,0.20,,0.93,8.28,,0.25,13.10,0.23,0.32,12.26,0.21,0.07,1.71,1.54,15.81,1.73,
Certovo,9,1/27/2021,Aerobic,4.08,50.4,0,500,0.03,0.3,890.1,177,0.5,0.56,55.13,2.79,2.47,0.22,0.10,0.01,0.04,0.03,0.35,0.45,0.08,27.4,0.012,90.0,0.0174794,1.1,7.0,0.26,4.00,0.34,,0.52,5.63,,0.19,16.18,,0.19,16.18,,0.04,3.15,3.61,11.80,1.83,
Certovo,9,1/27/2021,Aerobic,4.08,25.2,0,500,0.03,0.2,879.4,165,0.5,0.52,59.65,2.19,1.95,0.17,0.07,0.01,0.05,0.04,0.39,0.41,0.09,22.1,0.012,110.7,0.0172708,0.9,8.6,0.26,4.37,0.37,,0.41,8.09,,0.19,20.26,22.05,0.19,20.26,,0.05,2.40,3.79,11.05,0.54,
Certovo,9,1/27/2021,Aerobic,4.08,24.8,0,500,0.03,0.3,895.4,165,0.5,0.50,59.00,1.87,1.65,0.16,0.06,0.01,0.04,0.03,0.35,0.40,0.08,33.6,0.012,89.0,0.0182386,0.8,7.6,0.23,4.53,0.31,,0.44,7.71,,0.20,23.12,,0.20,23.12,,0.04,3.13,3.13,13.28,2.50,
Certovo,9,1/27/2021,Aerobic,4.09,24.7,0,500,0.03,0.2,908.6,169,0.5,0.49,59.87,1.69,1.45,0.17,0.08,0.01,0.05,0.03,0.38,0.55,0.08,24.7,0.012,109.5,0.0173908,1.0,9.2,0.29,4.83,0.41,,0.40,6.48,,0.19,22.37,,0.19,22.53,,0.03,4.19,3.09,12.80,1.61,
Plesne,14,2/1/2021,Aerobic,4.15,29.3,0,500,0.03,0.2,623.1,184,0.3,0.58,60.67,1.56,1.26,0.19,0.11,0.01,0.05,0.03,0.27,0.31,0.04,30.9,0.013,57.8,0.0170574,1.7,4.0,0.15,1.74,0.17,0.0196,0.56,5.36,,0.20,12.26,,0.20,12.26,,0.04,2.78,1.00,14.06,,
Plesne,14,2/1/2021,Aerobic,4.10,26.9,0,500,0.03,0.2,593.8,183,0.3,0.55,58.89,2.20,1.89,0.24,0.08,0.01,0.05,0.04,0.26,0.23,0.04,24.5,0.012,63.1,0.0171634,0.9,3.8,0.17,2.38,0.26,0.0221,0.72,2.15,0.2794,0.22,16.94,,0.22,16.94,,0.05,3.03,1.17,12.87,1.25,
Plesne,14,2/1/2021,Aerobic,4.10,26.9,0,500,0.03,0.2,586.7,171,0.3,0.61,58.17,1.41,1.13,0.16,0.12,0.01,0.03,0.01,0.22,0.23,0.04,21.6,0.012,60.2,0.0173198,0.8,4.4,0.14,3.32,0.21,0.1747,0.63,5.91,,0.20,11.05,,0.20,11.08,,0.03,4.20,0.66,6.08,510.03,RNA data suspicious
Plesne,14,2/1/2021,Aerobic,4.07,16.9,0,500,0.03,0.2,621.1,175,0.3,0.56,59.10,1.89,1.70,0.19,0.00,0.01,0.03,0.02,0.22,0.22,0.04,24.9,0.012,46.6,0.0179855,0.9,5.1,0.17,3.03,0.24,0.0256,0.61,8.21,,0.23,13.92,,0.23,13.92,,0.04,4.34,1.13,10.68,0.71,
Certovo,14,2/1/2021,Aerobic,4.12,22.8,0,500,0.03,0.2,700.5,206,0.4,0.60,51.62,1.48,1.29,0.19,0.00,0.01,0.02,0.01,0.33,0.33,0.07,26.7,0.012,78.4,0.0176067,1.1,6.5,0.23,5.38,0.41,0.0021,0.66,7.64,,0.10,3.50,,0.11,4.31,367.89,0.06,1.64,4.40,12.27,2.44,
Certovo,14,2/1/2021,Aerobic,4.11,24.6,0,500,0.03,0.2,696.6,193,0.4,0.59,53.18,1.46,1.26,0.14,0.06,0.01,0.02,0.01,0.37,0.31,0.08,22.6,0.012,102.3,0.0172476,0.9,8.4,0.30,5.64,0.37,0.0101,0.46,7.46,,0.18,17.19,,0.18,17.19,,0.04,3.69,3.43,15.42,2.58,
Certovo,14,2/1/2021,Aerobic,4.11,30.5,0,500,0.03,0.2,702.4,194,0.4,0.54,56.63,1.74,1.53,0.16,0.04,0.01,0.02,0.01,0.36,0.32,0.08,25.4,0.012,92.9,0.0174983,1.0,7.8,0.28,5.64,0.59,0.0078,0.43,6.58,,0.24,16.71,,0.33,16.94,0.08,0.03,4.63,2.94,13.04,2.07,
Certovo,14,2/1/2021,Aerobic,4.10,26.3,0,500,0.03,0.2,716.2,198,0.4,0.60,56.11,1.66,1.47,0.14,0.05,0.01,0.01,0.00,0.36,0.33,0.08,22.1,0.012,105.7,0.0172657,0.8,9.0,0.28,4.94,0.64,0.0022,0.42,8.93,,0.18,17.86,,0.18,17.86,,0.03,6.55,2.66,14.26,1.97,
Plesne,16,2/3/2021,Aerobic,4.10,14.3,0,500,0.03,0.2,567.4,192,0.2,0.83,76.58,2.70,2.43,0.21,0.06,0.02,0.04,0.03,0.26,0.34,0.04,25.2,0.012,82.2,0.0169741,0.9,5.4,0.16,3.38,0.23,,0.60,7.19,,0.22,13.18,0.26,0.21,13.59,11.40,0.03,6.49,1.21,9.06,0.31,
Plesne,16,2/3/2021,Aerobic,3.99,15.9,0,500,0.03,0.2,556.0,190,0.2,0.75,73.22,3.05,2.78,0.16,0.11,,0.83,0.00,0.19,0.20,0.03,22.6,0.012,55.5,0.0168487,1.0,3.7,0.24,3.21,0.31,,0.47,6.16,,0.19,13.80,,0.19,13.70,,0.03,5.48,1.04,16.80,1.19,
Plesne,16,2/3/2021,Aerobic,4.10,12.5,0,500,0.03,0.2,545.3,179,0.2,0.65,60.52,1.87,1.66,0.14,0.06,0.02,0.05,0.03,0.20,0.20,0.03,22.5,0.012,42.4,0.0174937,0.8,3.0,0.13,2.47,0.26,,0.63,6.09,,0.20,10.72,0.22,0.20,10.72,,0.03,5.63,0.68,7.71,505.85,
Plesne,16,2/3/2021,Aerobic,4.04,11.8,0,500,0.03,0.2,561.4,182,0.2,0.66,78.53,2.49,2.22,0.15,0.12,0.02,0.04,0.02,0.25,0.28,0.04,21.0,0.012,44.6,0.0173731,0.9,3.0,0.17,2.13,0.26,,0.31,2.15,530.9314,0.25,18.68,,0.20,18.31,,0.03,10.05,1.19,18.32,0.92,
Certovo,16,2/3/2021,Aerobic,4.07,23.1,0,500,0.03,0.2,628.6,216,0.3,0.63,63.34,2.21,2.01,0.13,0.07,0.01,,,0.38,0.33,0.08,21.9,0.012,112.6,0.0169944,1.1,12.0,0.17,5.91,0.55,,0.56,4.56,0.9880,0.20,9.30,,0.20,9.30,,0.04,3.44,3.14,12.41,2.19,
Certovo,16,2/3/2021,Aerobic,4.08,19.3,0,500,0.03,0.2,626.4,204,0.3,0.61,52.00,1.63,1.39,0.15,0.09,0.01,0.03,0.01,0.37,0.32,0.08,21.3,0.012,117.4,0.0169838,0.8,12.0,0.26,5.62,0.53,,0.41,5.86,,0.18,17.25,,0.18,17.23,,0.03,3.63,2.83,24.95,2.96,
Certovo,16,2/3/2021,Aerobic,4.07,19.8,0,500,0.03,0.2,636.4,204,0.2,0.82,49.85,0.86,0.73,0.12,0.01,0.01,0.02,0.01,0.37,0.30,0.08,19.7,0.012,115.5,0.0169291,0.6,12.0,0.22,5.11,0.29,,0.43,3.78,565.4352,0.19,10.64,0.26,0.19,10.64,,0.03,5.64,3.38,10.88,2.36,
Certovo,16,2/3/2021,Aerobic,4.1,18.3,0,500,0.03,0.2,647.4,208,0.3,0.68,48.79,1.07,0.89,0.13,0.05,0.01,0.02,0.01,0.35,0.35,0.08,23.4,0.012,106.0,0.017272,1.0,11.3,0.28,4.72,0.66,,0.46,3.49,604.0834,0.20,12.77,0.17,0.20,12.77,100.00,0.05,3.06,4.87,15.97,1.57,
Plesne,21,2/8/2021,Aerobic,4.12,9.5,0,500,0.03,0.2,586.2,212,0.3,0.49,53.59,1.18,0.91,0.18,0.09,0.02,0.04,0.02,0.17,0.34,0.03,27.0,,50.3,,1.5,4.0,0.13,3.21,0.49,,0.52,5.10,2.5709,0.20,11.56,,0.20,11.56,,0.04,2.72,0.99,9.56,0.64,
Plesne,21,2/8/2021,Aerobic,4.13,13.7,0,500,0.03,0.2,577.0,210,0.3,0.53,46.20,0.87,0.59,0.14,0.13,0.02,0.05,0.03,0.13,0.20,0.03,24.4,,44.9,,0.8,4.3,0.15,3.31,0.41,,0.73,4.73,,0.24,13.65,1.52,0.24,13.65,,0.04,6.75,1.69,13.98,0.99,
Plesne,21,2/8/2021,Aerobic,4.15,8.2,0,500,0.03,0.2,566.9,198,0.4,0.45,44.70,0.91,0.63,0.15,0.13,0.02,0.05,0.02,0.13,0.16,0.02,24.2,,62.8,,1.2,5.0,0.10,3.08,0.38,,0.54,4.82,,0.20,12.81,0.09,0.20,12.84,,0.04,3.58,1.00,8.70,0.79,
Plesne,21,2/8/2021,Aerobic,4.10,14.3,0,500,0.03,0.2,589.0,202,0.4,0.45,53.75,1.01,0.82,0.14,0.05,0.01,0.04,0.03,0.19,0.17,0.03,29.4,,69.4,,0.9,6.3,0.14,3.42,0.39,,0.62,4.97,1.2863,0.22,12.67,,0.22,12.67,,0.04,3.44,1.19,8.17,0.36,
Certovo,21,2/8/2021,Aerobic,4.15,30.6,0,500,0.03,0.2,572.0,240,0.4,0.53,47.37,0.86,0.56,0.15,0.16,0.01,0.02,0.01,0.36,0.28,0.08,22.8,,91.2,,0.7,9.1,0.15,5.84,0.62,,0.44,6.79,,0.18,13.97,,0.18,13.97,,0.03,5.48,3.32,14.42,1.07,
Certovo,21,2/8/2021,Aerobic,4.13,35.4,0,500,0.03,0.2,587.3,227,0.3,0.54,45.50,0.80,0.57,0.16,0.07,0.01,0.02,0.01,0.36,0.33,0.08,29.1,,96.2,,0.9,9.7,0.22,5.97,0.56,,0.49,5.91,1.0087,0.19,12.82,,0.19,12.82,,0.04,2.79,3.21,13.21,1.81,
Certovo,21,2/8/2021,Aerobic,4.13,32.4,0,500,0.03,0.2,586.5,227,0.4,0.52,45.85,1.04,0.86,0.14,0.04,0.01,0.03,0.02,0.37,0.28,0.08,25.8,,92.6,,1.1,9.0,0.18,6.44,0.56,,0.50,4.59,0.2735,0.18,18.56,0.39,0.18,18.56,,0.04,3.25,3.06,17.50,3.14,
Certovo,21,2/8/2021,Aerobic,4.14,,0,500,0.03,0.2,596.6,232,0.4,0.48,,,,,,,,,,,,,,,,,,,,,,,,,,,,,,,,,,,,
Plesne,23,2/10/2021,Aerobic,4.12,17.5,0,500,0.03,0.2,,220,0.3,0.58,61.28,1.75,1.53,0.15,0.06,0.05,0.07,0.02,0.23,0.21,0.04,26.1,0.012,44.5,0.0172441,1.2,4.1,0.11,2.68,0.44,0.0246,0.70,6.73,,0.21,11.63,,0.21,11.69,,0.04,3.11,1.19,5.28,0.23,RNA data suspicious
Plesne,23,2/10/2021,Aerobic,4.10,14.8,0,500,0.03,0.2,565.0,217,0.3,0.59,53.37,1.14,0.94,0.20,0.00,0.01,0.03,0.02,0.20,0.18,0.03,28.2,0.012,30.3,0.0187874,1.0,2.3,0.11,3.27,0.32,0.2478,0.98,9.18,,0.29,11.03,,0.25,13.85,,0.04,5.28,1.41,13.73,,
Plesne,23,2/10/2021,Aerobic,4.09,12.6,0,500,0.03,0.2,561.2,205,0.2,0.70,48.38,1.05,0.80,0.18,0.06,0.02,0.03,0.01,0.19,0.17,0.03,29.8,0.012,24.7,0.0197577,1.3,2.3,0.13,2.82,0.46,0.2551,0.99,7.63,,0.24,8.40,,0.24,8.40,,0.05,3.33,0.98,10.66,81.28,
Plesne,23,2/10/2021,Aerobic,4.12,11.8,0,500,0.03,0.2,581.0,209,0.3,0.57,47.29,1.02,0.79,0.17,0.06,0.04,0.06,0.02,0.17,0.14,0.03,28.4,0.012,26.5,0.0194466,1.1,2.2,0.12,3.29,0.34,0.1448,0.54,4.90,,0.27,16.16,,0.32,15.52,0.11,0.03,6.36,1.00,10.47,0.67,
Certovo,23,2/10/2021,Aerobic,4.12,24.3,0,500,0.03,0.2,522.0,249,0.3,0.63,47.02,1.06,0.86,0.16,0.03,0.01,0.02,0.01,0.39,0.25,0.08,23.3,0.012,53.2,0.0172886,0.7,4.0,0.16,4.36,0.47,1.1809,0.76,5.52,0.7325,0.22,12.21,,0.22,12.21,,0.04,3.96,4.11,12.62,3.05,
Certovo,23,2/10/2021,Aerobic,4.16,31.1,0,500,0.03,0.2,524.4,236,0.3,0.75,44.50,0.70,0.52,0.14,0.03,0.01,0.01,0.00,0.35,0.27,0.08,23.5,0.012,93.0,0.0169076,0.7,6.6,0.16,5.23,0.50,0.0025,0.50,6.74,,0.21,20.22,,0.21,20.18,,0.04,3.47,3.64,11.40,1.24,RNA data suspicious
Certovo,23,2/10/2021,Aerobic,4.13,20.7,0,500,0.03,0.2,530.2,236,0.4,0.48,45.91,0.63,0.43,0.15,0.04,0.01,0.02,0.00,0.38,0.27,0.08,26.7,0.012,84.2,0.0170723,0.7,7.6,0.18,6.11,0.59,1.5164,0.42,6.36,,0.21,22.64,,0.20,21.94,,0.04,2.87,3.42,15.23,1.41,
Certovo,23,2/10/2021,Aerobic,4.14,,0,500,0.03,0.2,545.7,241,0.2,0.81,,,,,,,,,,,,,,,,,,,,,,,,,,,,,,,,,,,,
Plesne,30,2/17/2021,Aerobic,4.17,10.6,0,500,0.03,0.1,476.8,245,0.3,0.41,48.24,0.98,0.65,0.21,0.12,0.02,0.04,0.02,0.22,0.98,0.03,24.3,,20.8,,0.9,1.9,0.10,3.03,0.41,,0.89,4.23,0.8377,0.26,6.30,,0.23,8.67,,0.05,2.03,1.39,10.59,1.84,
Plesne,30,2/17/2021,Aerobic,4.14,5.2,0,500,0.03,0.1,475.7,242,0.3,0.48,47.12,1.53,1.23,0.23,0.07,0.02,0.04,0.02,0.20,0.15,0.03,22.5,,32.0,,0.6,2.5,0.15,2.58,0.47,,0.86,5.86,0.9768,0.27,11.04,,0.21,13.25,,0.03,5.83,1.39,13.76,2.08,
Plesne,30,2/17/2021,Aerobic,4.12,5.2,0,500,0.03,0.1,475.1,229,0.2,0.63,41.58,0.91,0.64,0.21,0.07,0.01,0.03,0.01,0.17,0.14,0.03,23.3,,34.7,,0.8,3.1,0.11,3.10,0.36,,0.59,3.92,908.9495,0.19,8.80,,0.19,8.80,,0.04,3.20,1.44,9.38,0.47,
Plesne,30,2/17/2021,Aerobic,4.11,6.2,0,500,0.03,0.1,494.2,234,0.2,0.56,42.38,1.07,0.86,0.16,0.05,0.03,0.11,0.08,0.18,0.13,0.03,24.1,,37.0,,0.7,3.3,0.12,3.17,0.42,,0.47,4.70,,0.17,10.37,,0.17,10.56,,0.03,3.25,0.79,10.47,1.18,
Certovo,30,2/17/2021,Aerobic,4.15,11.5,0,500,0.03,0.2,385.2,278,0.2,0.74,39.94,0.62,0.39,0.14,0.09,0.04,0.05,0.00,0.34,0.20,0.07,20.2,,75.5,,0.7,6.4,0.24,6.14,0.40,,0.36,5.52,,0.39,27.25,,0.19,19.77,,0.03,7.39,2.42,11.48,1.13,
Certovo,30,2/17/2021,Aerobic,4.15,29.7,0,500,0.03,0.2,397.6,266,0.3,0.59,42.01,0.74,0.22,0.43,0.08,0.04,0.05,0.01,0.36,0.21,0.08,22.2,,112.4,,0.7,11.0,0.26,6.16,0.48,,0.76,7.72,1.0919,0.22,15.26,0.17,0.22,15.26,,0.04,4.53,4.23,11.88,3.60,
Certovo,30,2/17/2021,Aerobic,4.14,24.6,0,500,0.03,0.1,390.7,264,0.2,0.70,40.75,0.77,0.57,0.15,0.04,0.03,0.04,0.01,0.36,0.20,0.08,21.5,,104.9,,0.7,8.3,0.19,6.48,0.47,,0.42,6.37,,0.22,16.70,,0.22,16.70,,0.04,3.29,2.92,19.00,2.60,
Certovo,30,2/17/2021,Aerobic,4.15,19.1,0,500,0.03,0.1,410.9,269,0.2,0.66,,,,,,,,,,,,,,,,,,,,,,,,,,,,,,,,,,,,
Plesne,35,2/22/2021,Aerobic,4.15,25.1,0,500,0.03,0.1,479.0,260,0.3,0.49,47.38,0.97,0.68,0.23,0.06,0.02,0.03,0.01,0.24,0.72,0.03,35.8,0.012,27.1,0.0195482,1.1,2.3,0.18,2.94,0.33,0.0025,0.20,2.87,462.4949,0.18,23.43,,0.18,23.43,,0.02,55.35,0.62,17.89,3.43,
Plesne,35,2/22/2021,Aerobic,4.15,28.6,0,500,0.03,0.1,463.4,256,0.3,0.44,57.58,1.29,0.86,0.22,0.21,0.03,0.04,0.01,0.26,0.20,0.04,29.5,0.012,32.2,0.0188484,1.4,1.7,0.14,2.84,0.40,0.0033,0.85,6.28,,0.26,7.53,,0.24,8.64,,0.04,3.67,1.41,9.10,0.65,
Plesne,35,2/22/2021,Aerobic,4.17,18.2,0,500,0.03,0.1,465.2,243,0.3,0.49,50.43,0.96,0.74,0.18,0.05,0.02,0.03,0.01,0.22,0.14,0.03,25.4,0.012,34.9,0.017672,0.8,2.3,0.17,3.38,0.41,0.0025,0.34,5.98,,0.19,19.66,0.11,0.19,19.66,,0.03,10.19,1.37,21.59,0.29,
Plesne,35,2/22/2021,Aerobic,4.14,21.8,0,500,0.03,0.1,,249,0.2,0.58,48.74,1.09,0.84,0.20,0.05,0.02,0.03,0.02,0.25,0.15,0.03,27.3,0.012,18.4,0.0204915,0.8,1.1,0.14,2.56,0.76,0.0021,0.38,3.15,727.6566,0.21,13.09,0.31,0.22,13.13,0.63,0.04,4.27,1.14,12.52,0.72,
Certovo,35,2/22/2021,Aerobic,4.16,41.2,0,500,0.03,0.2,366.4,296,0.3,0.60,47.33,1.00,0.69,0.21,0.10,0.08,0.08,0.01,0.38,0.22,0.08,22.6,0.011,93.1,0.016577,0.7,9.5,0.30,6.19,0.73,0.0032,0.33,8.48,,0.20,23.96,,0.20,23.96,,0.03,7.34,2.18,20.54,2.20,
Certovo,35,2/22/2021,Aerobic,4.18,22.6,0,500,0.03,0.2,,286,0.3,0.62,44.46,0.58,0.26,0.18,0.14,0.10,0.10,0.01,0.37,0.18,0.07,26.7,0.012,68.3,0.0173405,0.9,6.9,0.30,6.22,0.65,0.0019,0.51,7.62,,0.20,16.73,0.30,0.20,16.73,,0.04,3.17,3.46,15.97,2.58,
Certovo,35,2/22/2021,Aerobic,4.20,28.7,0,500,0.03,0.1,376.4,281,0.3,0.57,41.27,0.57,0.30,0.20,0.07,0.10,0.13,0.04,0.38,0.20,0.08,27.4,0.011,85.2,0.0168973,0.8,8.7,0.27,5.93,0.57,0.0099,0.50,10.65,,0.20,17.42,75.99,0.20,17.42,,0.04,3.69,4.34,24.73,4.31,
Certovo,35,2/22/2021,Aerobic,4.18,29.8,0,500,0.03,0.2,376.4,287,0.3,0.57,,,,,,,,,,,,,,,,,,,,,,,,,,,0.36,,,,,,,,,
Plesne,38,2/24/2021,Aerobic,4.19,24.8,0,500,0.03,0.1,416.8,269,0.2,0.64,50.89,1.01,0.64,0.24,0.14,0.05,0.05,0.00,0.21,0.23,0.03,18.0,,13.7,,0.7,1.9,0.08,2.17,0.58,,0.39,5.85,,0.19,16.34,333.20,0.19,16.34,,0.03,6.86,0.92,18.94,90.56,
Plesne,38,2/24/2021,Aerobic,4.19,16.0,0,500,0.03,0.1,434.3,265,0.3,0.39,47.42,1.02,0.66,0.22,0.14,0.03,0.04,0.00,0.19,0.21,0.03,26.2,,2.8,,0.8,1.3,0.14,2.63,0.52,,0.39,5.68,,0.18,20.10,,0.18,20.10,,0.02,22.08,1.19,15.57,0.50,
Plesne,38,2/24/2021,Aerobic,4.36,25.7,0,500,0.03,0.1,429.3,252,0.2,0.70,30.90,0.64,0.34,0.19,0.11,0.02,0.02,0.00,0.15,0.13,0.02,26.8,,1.2,,0.9,1.2,0.06,2.76,0.58,,0.51,7.16,,0.20,14.85,,0.20,14.85,,0.03,7.34,1.77,21.43,1.21,
Plesne,38,2/24/2021,Aerobic,4.13,10.4,0,500,0.03,0.1,445.8,259,0.2,0.68,47.50,0.98,0.66,0.26,0.06,0.02,0.03,0.01,0.25,0.20,0.04,29.0,,1.6,,0.8,1.2,0.17,2.87,0.49,,0.92,5.04,1.6990,0.24,9.26,,0.24,9.26,,0.05,2.29,1.61,13.52,1.01,
Certovo,38,2/24/2021,Aerobic,4.16,36.9,0,500,0.03,0.2,334.4,307,0.4,0.38,41.62,0.63,0.39,0.18,0.07,0.22,0.28,0.06,0.38,0.22,0.08,24.6,,14.5,,1.4,2.4,0.35,4.89,0.55,,0.42,6.94,2.7679,0.21,23.80,,0.21,24.33,,0.03,7.19,2.06,17.30,,
Certovo,38,2/24/2021,Aerobic,4.19,28.4,0,500,0.03,0.2,358.4,299,0.3,0.57,45.13,0.66,0.39,0.19,0.08,0.13,0.18,0.06,0.39,0.23,0.08,26.3,,10.5,,0.8,3.3,0.44,5.65,0.61,,0.50,6.19,,0.21,19.34,,0.20,19.07,,0.03,9.29,2.85,14.74,101.65,
Certovo,38,2/24/2021,Aerobic,4.19,29.6,0,500,0.03,0.2,342.8,293,0.2,0.73,46.76,0.71,0.49,0.17,0.05,0.08,0.14,0.06,0.41,0.25,0.08,29.2,,13.2,,1.0,3.2,0.37,4.96,0.56,,0.54,4.51,0.4033,0.20,12.44,,0.20,12.43,12.86,0.04,3.61,2.85,16.01,57.61,
Certovo,38,2/24/2021,Aerobic,4.18,21.0,0,500,0.03,0.2,364.2,299,0.3,0.60,45.84,0.59,0.39,0.15,0.05,0.06,0.11,0.05,0.39,0.23,0.08,27.9,,14.7,,1.0,3.7,0.38,5.50,0.63,,0.33,4.05,682.2222,0.27,22.45,,0.20,20.05,,0.03,5.36,3.20,13.58,1.23,
Plesne,50,3/9/2021,Aerobic,4.16,24.8,0,500,0.03,0.2,529.0,311,0.2,0.70,54.15,1.16,0.61,0.46,0.09,0.11,0.17,0.05,0.18,1.66,0.03,24.6,,40.5,,1.3,3.4,0.15,2.78,0.27,,0.55,4.08,684.4650,0.24,12.95,,0.24,12.95,,0.04,4.00,1.28,11.31,1.13,
Plesne,50,3/9/2021,Aerobic,4.14,8.3,0,500,0.03,0.1,510.6,305,0.2,0.68,45.58,0.93,0.25,0.53,0.15,0.07,0.13,0.05,0.20,0.42,0.04,23.6,,32.5,,0.9,2.4,0.15,3.00,0.51,,0.62,7.27,,0.21,14.40,,0.21,14.40,,0.03,5.58,1.57,12.64,0.50,
Plesne,50,3/9/2021,Aerobic,4.12,12.9,0,500,0.03,0.1,495.1,290,0.2,0.68,49.55,1.06,0.60,0.41,0.05,0.04,0.10,0.06,0.23,0.23,0.04,24.9,,20.0,,2.3,0.2,0.12,3.15,0.49,,0.56,6.45,,0.21,15.95,,0.21,15.95,,0.03,5.73,1.20,13.77,0.56,
Plesne,50,3/9/2021,Aerobic,4.07,20.0,0,500,0.03,0.1,517.6,298,0.2,0.66,54.89,1.14,0.64,0.43,0.07,0.03,0.08,0.06,0.24,0.28,0.05,24.2,,35.7,,1.0,2.6,0.14,2.77,0.42,,0.52,8.59,,0.34,20.37,,0.30,20.02,0.15,0.04,3.80,0.99,11.35,0.65,
Certovo,50,3/9/2021,Aerobic,4.13,20.9,0,500,0.03,0.1,303.5,350,0.2,0.73,44.78,0.92,0.05,0.47,0.40,0.38,0.41,0.04,0.41,0.21,0.10,26.2,,44.8,,0.9,7.0,0.44,6.28,0.48,,0.37,4.83,671.5124,0.24,20.49,,0.20,19.61,,0.04,4.28,2.64,18.88,30.38,
Certovo,50,3/9/2021,Aerobic,4.11,15.2,0,500,0.03,0.2,299.2,347,0.2,0.76,46.57,0.98,0.10,0.46,0.41,0.39,0.43,0.04,0.40,0.26,0.08,23.0,,57.5,,1.3,7.3,0.62,5.48,0.67,,0.72,8.80,,0.22,16.64,,0.22,16.64,,0.04,3.10,3.72,17.50,2.35,
Certovo,50,3/9/2021,Aerobic,4.12,23.0,0,500,0.03,0.1,284.6,337,0.2,0.65,44.74,0.76,0.00,0.52,0.42,0.45,0.49,0.04,0.40,0.23,0.08,25.4,,57.7,,1.7,7.8,0.74,5.91,0.69,,0.45,4.43,,0.18,9.23,,0.10,3.57,433.09,0.04,2.58,2.04,7.98,1.64,
Certovo,50,3/9/2021,Aerobic,4.12,25.8,0,500,0.03,0.2,329.7,347,0.3,0.61,46.08,0.78,0.00,0.50,0.44,0.44,0.49,0.04,0.42,0.23,0.08,25.7,,53.4,,1.7,8.2,0.61,5.62,0.59,,0.30,1.99,646.1219,0.19,21.46,,0.09,7.30,356.84,0.03,8.33,0.89,6.05,352.74,
Plesne,58,3/17/2021,Aerobic,4.10,13.1,0,500,0.03,0.1,487.0,339,0.3,0.49,46.81,0.64,0.12,0.42,0.09,0.06,0.11,0.06,0.20,0.47,0.03,26.0,0.011,21.2,0.0189539,2.2,2.9,,0.58,0.53,0.0044,0.62,7.57,,0.21,10.54,,0.19,11.26,,0.04,2.52,3.52,20.30,4.77,
Plesne,58,3/17/2021,Aerobic,4.08,9.9,0,500,0.03,0.1,480.3,331,0.3,0.50,48.95,1.11,0.54,0.41,0.16,0.07,0.13,0.06,0.20,0.30,0.03,23.5,0.011,17.8,0.0188511,2.0,1.5,,,0.35,0.0025,0.45,8.98,,0.07,4.43,,0.09,6.57,399.76,0.01,27.47,3.36,23.89,1.52,
Plesne,58,3/17/2021,Aerobic,4.09,16.9,0,500,0.03,0.1,,315,0.3,0.48,49.88,1.13,0.59,0.37,0.18,0.06,0.11,0.05,0.22,0.22,0.03,23.4,0.011,12.2,0.0215996,1.8,1.6,0.84,2.35,0.40,0.0518,0.51,7.74,,0.18,12.02,,0.18,12.02,,0.04,2.71,2.34,15.13,4.36,RNA data suspicious
Plesne,58,3/17/2021,Aerobic,4.11,14.1,0,500,0.03,0.1,,325,0.4,0.38,45.36,0.70,0.26,0.34,0.11,0.05,0.10,0.05,0.19,0.25,0.03,24.0,0.011,12.6,0.0215177,1.7,1.4,0.71,2.60,0.36,0.0029,0.41,6.88,,0.17,18.27,,0.37,27.67,0.08,0.03,7.10,2.64,18.95,2.64,
Certovo,58,3/17/2021,Aerobic,4.11,30.0,0,500,0.03,0.1,233.2,372,0.2,0.44,43.32,0.86,0.00,0.39,0.52,0.09,0.13,0.04,0.49,3.52,0.08,25.9,0.012,33.9,0.017128,2.3,6.4,0.16,7.02,0.34,0.0023,0.33,4.06,,0.17,9.83,,0.17,9.83,,0.03,3.92,1.17,16.87,0.70,
Certovo,58,3/17/2021,Aerobic,4.09,25.8,0,500,0.03,0.1,225.2,374,0.3,0.47,43.19,0.82,0.00,0.65,0.87,0.34,0.37,0.03,0.39,0.32,0.08,26.1,0.012,31.9,0.0171892,1.3,6.8,0.22,6.26,0.39,0.0048,0.52,6.39,,0.19,14.59,,0.19,14.59,,0.03,7.98,1.18,11.36,0.58,
Certovo,58,3/17/2021,Aerobic,4.09,15.5,0,500,0.03,0.1,231.1,363,0.2,0.56,41.38,0.60,0.00,0.61,0.64,0.17,0.22,0.05,0.40,0.27,0.08,40.9,0.012,17.6,0.0220561,0.9,7.3,0.16,2.81,0.36,0.0059,0.70,5.87,,0.23,9.98,,0.23,9.98,,0.05,3.00,1.64,11.43,0.51,
Certovo,58,3/17/2021,Aerobic,4.11,15.8,0,500,0.03,0.1,248.2,375,0.2,0.56,39.88,0.55,0.00,0.35,0.58,0.25,0.29,0.04,0.38,0.42,0.08,25.5,0.012,32.6,0.0169197,1.0,6.5,0.15,6.27,0.30,0.0049,0.48,5.02,,0.19,13.45,,0.19,13.45,,0.03,5.62,1.34,16.50,0.59,
Plesne,0,4/23/2021,Anaerobic,4.15,8.6,,500,0.03,0.082,-24.488,0,,,56.6,3.5,2.00,1.478,0.030,1.436,1.528,0.092,0.19,1.01,0.03,36.44,0.01,75.83,0.010746242613219,7.574,9.36,0.97,0.31,0.403867862631102,0.001120760681123,0.56,6.3847,,0.22,11.17,,0.22,11.17,,0.03,5.70,0.89,10.43,,
Plesne,0,4/23/2021,Anaerobic,4.15,7.7,,500,0.03,0.070,-24.690,0,,,57.5,3.0,1.65,1.349,0.036,1.401,1.616,0.215,0.18,0.99,0.03,37.70,0.01,57.51,0.010775431119923,8.452,6.38,1.06,0.43,0.254287172767731,0.002393291037814,0.45,6.3394,,0.17,11.49,,0.17,11.49,,0.01,41.76,0.75,13.67,,
Plesne,0,4/23/2021,Anaerobic,4.12,8.8,,500,0.03,0.066,-24.925,0,,,57.3,3.2,1.76,1.447,0.015,1.390,1.494,0.104,0.21,0.98,0.03,31.15,0.01,67.37,0.010781838543379,7.038,7.93,0.79,0.72,0.358993655672091,0.0154367271939,0.53,5.6447,,0.20,5.99,0.35,0.19,7.16,,0.03,3.21,1.00,14.40,,
Plesne,0,4/23/2021,Anaerobic,4.10,8.9,,500,0.03,0.069,-24.728,0,,,61.1,3.7,2.16,1.483,0.014,1.413,1.509,0.096,0.21,1.00,0.03,37.42,0.01,56.94,0.01078196956036,7.844,6.31,0.65,0.74,0.269245241754068,0.035899365567209,0.42,7.4453,,0.19,14.77,0.84,0.18,14.41,,0.03,4.72,1.43,27.07,0.73,
Certovo,0,4/23/2021,Anaerobic,4.29,18.7,,500,0.03,0.082,-24.481,0,,,59.7,4.1,1.69,2.375,0.053,0.548,0.592,0.044,0.41,0.42,0.08,31.99,0.01,114.21,0.010784344758418,11.072,16.45,0.46,2.73,0.332543459256027,0.00063198304474,0.33,5.8993,,0.19,15.94,,0.19,15.94,,0.03,5.79,2.62,16.90,,
Certovo,0,4/23/2021,Anaerobic,4.29,11.3,,500,0.03,0.068,-24.332,0,,,57.7,4.1,1.44,2.617,0.037,0.563,0.605,0.042,0.40,0.42,0.09,30.93,0.01,123.92,0.010792518997874,11.799,16.50,0.42,2.34,0.281382927062792,0.026311130842235,0.36,8.5200,0.41,0.19,25.70,,0.18,25.30,,0.03,8.23,2.39,22.42,,
Certovo,0,4/23/2021,Anaerobic,4.31,13.9,,500,0.03,0.078,-24.262,0,,,59.4,4.3,1.57,2.683,0.084,0.565,0.617,0.052,0.42,0.43,0.09,31.93,0.01,123.37,0.010794144152018,12.407,15.52,0.60,2.41,0.319753326207718,0.022715276293796,0.38,7.4740,,0.19,15.23,,0.19,15.23,,0.03,4.68,3.83,22.86,3.36,
Certovo,0,4/23/2021,Anaerobic,4.31,14.3,,500,0.03,0.076,-24.231,0,,,60.5,4.5,1.76,2.683,0.046,0.567,0.597,0.030,0.41,0.43,0.09,31.44,0.01,124.89,0.010795293032215,12.173,16.13,0.74,2.02,0.243012527917866,0.000486278325797,0.38,4.5901,0.17,0.19,15.31,,0.19,15.31,,0.03,7.07,2.57,21.18,,
Plesne,0.17,4/26/2021,Anaerobic,,,537.1,500,0.03,,,,,,,,,,,,,,,,,,,,,,,,,,,,,,,,,,,,,,,,,
Plesne,0.17,4/26/2021,Anaerobic,,,564.3,500,0.03,,,,,,,,,,,,,,,,,,,,,,,,,,,,,,,,,,,,,,,,,
Plesne,0.17,4/26/2021,Anaerobic,,,547.1,500,0.03,,,,,,,,,,,,,,,,,,,,,,,,,,,,,,,,,,,,,,,,,
Plesne,0.17,4/26/2021,Anaerobic,,,549.5,500,0.03,,,,,,,,,,,,,,,,,,,,,,,,,,,,,,,,,,,,,,,,,
Certovo,0.19,4/26/2021,Anaerobic,,,538.2,500,0.03,,,,,,,,,,,,,,,,,,,,,,,,,,,,,,,,,,,,,,,,,
Certovo,0.19,4/26/2021,Anaerobic,,,517.5,500,0.03,,,,,,,,,,,,,,,,,,,,,,,,,,,,,,,,,,,,,,,,,
Certovo,0.19,4/26/2021,Anaerobic,,,544.8,500,0.03,,,,,,,,,,,,,,,,,,,,,,,,,,,,,,,,,,,,,,,,,
Certovo,0.19,4/26/2021,Anaerobic,,,469.4,500,0.03,,,,,,,,,,,,,,,,,,,,,,,,,,,,,,,,,,,,,,,,,
Plesne,1,4/27/2021,Anaerobic,4.07,17.8,513.5,500,0.03,0.058,1003.6,1.40,,,560.2,4.4,2.28,2.044,0.040,1.618,1.658,0.040,0.67,0.53,0.08,329.16,0.03,253.88,0.024221419161799,4.302,13.70,1.45,1.02,0.394946175805876,0.003740476786108,0.78,9.3267,,0.24,16.90,,0.24,16.90,,0.06,2.05,1.21,10.73,,
Plesne,1,4/27/2021,Anaerobic,4.07,15.9,519.5,500,0.03,0.057,961.5,1.36,,,584.5,5.1,3.07,2.017,0.000,1.618,1.637,0.019,0.72,0.55,0.08,399.57,0.03,91.09,0.018395701948397,4.428,11.27,1.39,2.02,0.379148328773641,0.002515142378993,0.39,4.2436,461.72,0.25,21.44,0.70,0.22,20.64,,0.03,24.67,1.19,18.98,,
Plesne,1,4/27/2021,Anaerobic,4.07,17.4,530.4,500,0.03,0.061,982.3,1.46,,,586.6,3.9,2.04,1.837,0.000,1.556,1.327,0.000,0.57,0.50,0.07,433.05,0.03,96.34,0.018871557406009,7.035,8.53,1.23,2.21,0.394946175805876,0.01035722263967,0.73,10.9951,1.71,0.21,20.81,,0.21,20.90,24.96,0.03,4.21,1.24,17.05,,
Plesne,1,4/27/2021,Anaerobic,4.04,16.1,524.5,500,0.03,0.072,1018.1,1.72,,,569.9,4.2,2.28,1.878,0.009,1.581,1.352,0.000,0.65,0.53,0.08,429.69,0.03,91.27,0.019280983246039,7.657,7.63,1.35,1.21,0.347552634709171,0.03296941989336,0.73,7.0054,,0.23,10.37,,0.26,8.39,0.26,0.08,0.88,1.00,10.66,,
Certovo,1,4/27/2021,Anaerobic,4.27,36.4,510.4,500,0.03,0.144,1208.9,3.46,,,587.0,5.6,2.31,3.307,0.003,0.695,0.695,0.000,0.84,0.66,0.20,424.04,0.03,123.41,0.015707105654266,11.824,11.56,1.10,2.86,0.521328952063756,0.03753943849244,0.52,9.0182,0.36,0.34,33.89,0.14,0.19,22.41,,0.05,1.94,2.67,13.96,,
Certovo,1,4/27/2021,Anaerobic,4.26,23.8,464.5,500,0.03,0.135,1203.2,3.25,,,603.9,5.1,1.85,3.225,0.017,0.685,0.695,0.010,0.83,0.65,0.19,458.65,0.03,97.93,0.013687565013131,12.135,11.20,1.03,3.39,0.521328952063756,0.074342809563459,0.71,10.7446,0.20,0.27,33.55,0.83,0.63,67.36,0.15,0.04,4.10,3.24,17.88,,
Certovo,1,4/27/2021,Anaerobic,4.27,23.7,494.8,500,0.03,0.135,1204.8,3.24,,,583.1,5.0,1.72,3.307,0.017,0.697,0.767,0.070,0.92,0.64,0.22,436.23,0.03,114.60,0.015233027594106,11.650,11.24,1.10,3.34,0.473935410967051,0.001611838305898,0.53,12.2858,,0.22,25.05,,0.22,25.05,,0.04,4.15,4.30,15.93,2.82,
Certovo,1,4/27/2021,Anaerobic,4.24,21.5,489.9,500,0.03,0.142,1193.9,3.41,,,606.4,5.7,2.28,3.389,0.033,0.696,0.866,0.170,0.84,0.66,0.20,402.79,0.03,177.59,0.019273245596604,11.688,11.99,1.12,3.79,0.473935410967051,0.024910228363872,0.63,12.7603,0.66,0.84,72.35,0.08,0.22,24.99,,0.04,3.91,4.48,20.08,4.13,
Plesne,2,4/28/2021,Anaerobic,4.06,12.5,480.1,500,0.03,0.051,1177.630,2.55,,,588.1,4.1,1.93,2.129,0.016,1.668,1.534,0.000,0.62,0.53,0.08,349.02,0.03,117.52,0.01937003260262,8.345,6.55,1.63,1.52,0.347552634709171,0.001207238459777,0.74,8.7983,,0.44,43.94,0.21,0.24,26.95,,0.04,3.89,1.18,11.37,,
Plesne,2,4/28/2021,Anaerobic,4.08,12.6,318.3,500,0.03,0.062,943.806,2.90,,,601.7,4.1,2.08,2.003,0.029,1.680,1.616,0.000,0.75,0.53,0.08,405.82,0.03,92.12,0.017690038434142,6.124,8.65,1.37,1.73,0.363350481741406,0.070973578785214,0.95,9.3776,,0.25,19.84,69.53,0.25,19.83,,0.04,3.84,1.29,10.08,,
Plesne,2,4/28/2021,Anaerobic,4.07,10.9,461.6,500,0.03,0.044,963.557,2.33,,,569.6,4.1,2.07,2.001,0.012,1.643,1.466,0.000,0.59,0.53,0.07,422.51,0.03,106.27,0.018815582067034,6.088,9.55,1.28,1.63,0.347552634709171,0.189574164386821,0.38,5.1152,532.85,0.22,27.17,,0.22,27.17,,0.03,14.34,0.93,12.38,,
Plesne,2,4/28/2021,Anaerobic,4.05,12.6,437.2,500,0.03,0.052,1010.826,2.73,,,607.1,4.1,2.16,1.943,0.022,1.680,1.611,0.000,0.69,0.55,0.08,408.42,0.03,89.62,0.018736200854911,4.291,10.84,1.51,1.83,0.410744022838111,0.001003627929107,0.57,9.5402,,0.24,29.00,,0.24,28.90,,0.04,5.65,0.88,13.56,,
Certovo,2,4/28/2021,Anaerobic,4.23,36.6,505.9,500,0.03,0.082,1170.341,4.68,,,614.1,5.0,1.56,3.443,0.011,0.693,0.762,0.069,0.77,0.62,0.16,431.11,0.03,54.43,0.005416014926491,11.133,8.54,1.03,3.91,0.489733257999286,0.005540066904455,0.46,11.2727,31.96,0.21,24.38,,0.21,24.38,,0.04,4.43,3.96,18.10,2.46,
Certovo,2,4/28/2021,Anaerobic,4.23,17.4,487.5,500,0.03,0.090,1166.693,4.87,,,622.9,5.5,1.91,3.553,0.019,0.713,0.783,0.070,0.82,0.64,0.17,443.64,0.03,119.03,0.015026343333893,12.647,10.47,0.96,3.71,0.505531105031521,0.001697679084061,0.63,15.9331,0.87,0.26,21.33,0.36,0.22,19.11,,0.04,4.55,3.50,17.10,,
Certovo,2,4/28/2021,Anaerobic,4.24,22.9,366.4,500,0.03,0.102,1183.665,5.28,,,610.4,5.1,1.70,3.361,0.009,0.680,0.747,0.067,0.79,0.61,0.17,433.28,0.03,119.87,0.013587959801459,12.104,11.15,0.95,3.65,0.600318187224932,0.002145424689646,0.73,8.8548,0.38,0.11,5.74,362.47,0.10,4.35,323.70,0.05,3.22,4.97,15.31,2.60,
Certovo,2,4/28/2021,Anaerobic,4.23,19.8,340.7,500,0.03,0.098,975.762,5.22,,,625.1,5.1,1.60,3.443,0.019,0.707,0.684,0.000,0.85,0.63,0.19,259.09,0.03,290.81,0.021549888897175,5.553,17.66,1.12,4.27,0.521328952063756,0.0210843460879,0.74,15.1441,0.39,0.27,30.48,0.23,0.20,25.19,,0.05,2.28,3.66,20.31,12.49,
Plesne,3,4/29/2021,Anaerobic,4.00,7.1,518.3,500,0.03,0.028,967.679,2.92,,,645.0,3.8,1.63,2.137,0.000,1.779,1.627,0.000,0.65,0.60,0.08,218.13,0.03,339.17,0.025290528536443,3.027,14.68,0.91,2.07,0.363350481741406,0.002502752515058,0.35,5.9229,,0.20,15.04,,0.20,15.04,,0.01,29.24,0.86,21.56,,
Plesne,3,4/29/2021,Anaerobic,4.01,6.8,541.0,500,0.03,0.035,947.030,3.40,,,652.6,3.9,1.82,2.074,0.000,1.766,1.580,0.000,0.70,0.56,0.08,270.78,0.03,295.68,0.02507826376438,2.891,13.11,1.47,1.70,0.394946175805876,0.004904406242843,0.70,8.9203,,0.21,12.77,,0.24,11.95,0.41,0.03,6.35,1.12,17.61,,
Plesne,3,4/29/2021,Anaerobic,4.01,7.0,537.6,500,0.03,0.034,952.950,3.03,,,624.8,4.0,1.98,1.992,0.000,1.742,1.461,0.000,0.75,0.52,0.09,280.12,0.03,251.85,0.024451037605701,2.720,13.04,1.29,1.96,0.363350481741406,0.022563949322139,0.71,8.0527,,0.24,17.71,,0.25,17.91,5.28,0.06,1.74,1.60,16.12,0.74,
Plesne,3,4/29/2021,Anaerobic,4.02,2.3,637.5,500,0.03,0.052,1023.245,3.96,,,633.5,4.2,1.61,2.134,0.430,1.742,1.430,0.000,0.86,0.53,0.09,213.44,0.03,313.70,0.025343175488729,2.668,12.37,1.58,1.63,0.458137563934816,0.006790716336244,0.84,8.5967,,0.29,18.92,0.38,0.28,18.57,0.55,0.05,2.82,1.34,11.77,,
Certovo,3,4/29/2021,Anaerobic,4.18,18.2,516.0,500,0.03,0.064,1171.463,5.99,,,633.4,5.4,1.37,3.963,0.085,0.808,0.907,0.099,0.77,0.72,0.17,181.08,0.03,307.95,0.0236631886833,2.612,20.01,1.06,3.99,0.505531105031521,0.003531283454264,0.64,12.1972,1.05,0.21,21.37,,0.21,21.35,,0.06,2.05,3.40,15.22,2.62,
Certovo,3,4/29/2021,Anaerobic,4.17,9.9,509.4,500,0.03,0.062,1185.380,6.02,,,620.0,5.0,1.13,3.908,0.000,0.815,0.902,0.087,0.82,0.76,0.18,264.54,0.03,285.27,0.022635135727543,5.887,18.49,1.04,4.23,0.521328952063756,0.141523683116498,0.65,9.7956,1.43,0.32,27.51,0.23,0.82,55.08,0.08,0.05,2.77,2.87,7.75,1.31,
Certovo,3,4/29/2021,Anaerobic,4.17,11.0,505.7,500,0.03,0.060,1155.276,6.21,,,627.2,4.7,0.81,3.908,0.005,0.821,0.902,0.081,0.89,0.69,0.21,284.43,0.03,257.96,0.022164350784024,5.036,18.56,1.00,4.02,0.473935410967051,0.004149882205483,0.45,9.4279,1.50,0.20,25.50,,0.20,25.50,,0.04,2.77,2.33,17.71,3.61,
Certovo,3,4/29/2021,Anaerobic,4.18,19.4,472.1,500,0.03,0.050,1164.910,5.86,,,638.8,5.4,1.26,4.072,0.026,0.853,0.907,0.054,0.91,1.00,0.23,297.17,0.03,267.51,0.021694960910367,4.965,19.40,0.96,4.38,0.537126799095991,0.090542884483258,0.74,13.7288,2.10,0.22,23.81,,0.22,23.81,,0.05,2.74,3.98,13.89,1.91,
Plesne,4,4/30/2021,Anaerobic,,,,500,0.03,0.021,,3.33,,,,,,,,,,,,,,,,,,,,,,,,,,,,,,,,,,,,,,
Plesne,4,4/30/2021,Anaerobic,,,,500,0.03,0.026,,3.94,,,,,,,,,,,,,,,,,,,,,,,,,,,,,,,,,,,,,,
Plesne,4,4/30/2021,Anaerobic,,,,500,0.03,0.045,,4.24,,,,,,,,,,,,,,,,,,,,,,,,,,,,,,,,,,,,,,
Plesne,4,4/30/2021,Anaerobic,,,,500,0.03,0.064,,5.64,,,,,,,,,,,,,,,,,,,,,,,,,,,,,,,,,,,,,,
Certovo,4,4/30/2021,Anaerobic,,,,500,0.03,0.059,,7.36,,,,,,,,,,,,,,,,,,,,,,,,,,,,,,,,,,,,,,
Certovo,4,4/30/2021,Anaerobic,,,,500,0.03,0.132,,10.04,,,,,,,,,,,,,,,,,,,,,,,,,,,,,,,,,,,,,,
Certovo,4,4/30/2021,Anaerobic,,,,500,0.03,0.076,,8.23,,,,,,,,,,,,,,,,,,,,,,,,,,,,,,,,,,,,,,
Certovo,4,4/30/2021,Anaerobic,,,,500,0.03,0.054,,7.19,,,,,,,,,,,,,,,,,,,,,,,,,,,,,,,,,,,,,,
Plesne,7,5/3/2021,Anaerobic,4.08,20.4,499.6,500,0.03,0.038,961.352,6.70,,,625.4,4.4,1.51,2.760,0.152,2.051,1.943,0.000,0.55,9.97,0.07,292.21,0.03,218.15,0.023505728256617,5.596,11.84,1.80,0.45,0.458137563934816,0.00408885452599,0.85,10.5860,,0.29,26.53,1.11,0.41,33.48,0.28,0.03,9.66,1.51,10.86,1.40,
Plesne,7,5/3/2021,Anaerobic,4.03,12.4,521.3,500,0.03,0.041,966.465,7.45,,,611.7,3.9,1.54,2.337,0.049,1.989,1.689,0.000,0.48,2.34,0.06,218.97,0.03,299.13,0.024793216005533,3.957,12.47,1.78,0.19,0.379148328773641,0.00085494230998,0.52,9.0136,,0.22,27.38,,0.22,27.55,19.49,0.03,5.22,0.92,17.29,,
Plesne,7,5/3/2021,Anaerobic,4.03,10.5,518.0,500,0.03,0.039,945.159,6.81,,,634.3,4.2,1.92,2.236,0.038,1.977,1.741,0.000,0.71,0.76,0.08,282.88,0.03,247.14,0.023845654746336,4.204,12.33,1.75,0.86,0.394946175805876,0.001088643716281,0.93,8.8647,0.75,0.23,14.00,0.56,0.21,14.50,,0.03,4.26,1.20,15.48,,
Plesne,7,5/3/2021,Anaerobic,4.02,11.5,613.4,500,0.03,0.044,1010.411,8.12,,,625.0,4.1,1.74,2.307,0.050,1.977,1.772,0.000,0.62,0.79,0.08,172.51,0.03,346.91,0.025292381733408,3.506,12.59,1.79,0.36,0.331754787676936,0.001501940239586,0.41,3.3844,532.46,0.22,18.03,,0.22,18.02,,0.04,3.87,1.61,18.30,1.50,
Certovo,7,5/3/2021,Anaerobic,4.15,25.3,500.0,500,0.03,0.053,1080.346,10.99,,,640.6,6.6,1.64,4.673,0.239,0.926,0.995,0.069,0.87,0.84,0.20,336.09,0.03,86.29,0.012049621686432,7.959,13.41,1.29,1.72,0.394946175805876,0.008507718596872,0.45,9.3850,0.57,0.18,16.33,,0.18,16.33,,0.05,1.81,2.17,19.70,,
Certovo,7,5/3/2021,Anaerobic,4.16,27.3,493.7,500,0.03,0.053,1084.547,11.00,,,627.3,6.3,1.64,4.591,0.048,0.926,1.006,0.080,0.87,1.04,0.19,242.29,0.03,314.60,0.022880745778576,4.857,19.62,1.38,1.08,0.426541869870346,0.001126183154773,0.39,11.1143,,0.29,34.96,0.21,0.32,37.11,0.17,0.03,5.31,2.43,25.35,,
Certovo,7,5/3/2021,Anaerobic,4.16,30.0,490.2,500,0.03,0.056,1091.318,11.55,,,653.2,6.8,2.02,4.782,0.017,0.960,1.031,0.071,0.97,0.91,0.23,221.00,0.03,305.57,0.023106674405721,2.952,20.84,1.18,2.61,0.410744022838111,0.082179933330247,0.59,6.1075,0.19,0.19,16.54,,0.19,16.58,,0.03,7.39,2.42,17.21,,
Certovo,7,5/3/2021,Anaerobic,4.16,33.8,458.1,500,0.03,0.055,1074.455,11.15,,,618.9,6.1,1.47,4.618,0.000,0.916,0.969,0.053,0.90,1.03,0.20,285.94,0.03,258.16,0.022030445400368,5.378,19.20,1.35,1.44,0.489733257999286,0.05861230203264,0.51,13.7936,0.57,0.18,17.96,,0.18,17.90,,0.04,3.61,2.19,21.66,,
Plesne,9,5/5/2021,Anaerobic,4.21,26.7,458.2,500,0.03,0.036,981.370,8.37,,,322.7,1.7,0.18,1.495,0.011,1.110,1.150,0.040,0.35,0.40,0.04,467.67,,66.21,,115.63,,1.43,1.33,0.347552634709171,,0.87,8.9990,1.23,0.25,23.30,,0.30,24.49,0.50,0.05,3.19,1.75,14.00,,
Plesne,9,5/5/2021,Anaerobic,4.02,20.3,462.1,500,0.03,0.031,988.310,8.70,,,590.9,4.0,1.32,2.473,0.163,2.063,1.741,0.000,0.59,1.72,0.06,454.21,0.03,63.18,0.016095354884883,59.896,,1.47,1.70,0.410744022838111,,0.94,9.8881,,0.29,15.80,0.42,0.25,16.37,,0.04,5.78,1.40,8.79,1.24,
Plesne,9,5/5/2021,Anaerobic,4.01,14.5,496.0,500,0.03,0.033,959.432,8.23,,,613.1,4.3,1.91,2.432,0.000,2.100,1.943,0.000,0.57,0.58,0.07,423.74,0.03,,,43.270,,1.52,1.70,0.315956940644701,,0.82,9.7594,,0.25,21.10,,0.25,20.83,,0.05,2.94,1.04,11.54,,
Plesne,9,5/5/2021,Anaerobic,4.02,21.8,463.0,500,0.03,0.045,1052.858,10.26,,,617.0,4.3,1.75,2.400,0.115,2.063,1.984,0.000,0.59,0.60,0.07,456.38,0.03,55.64,,31.440,,1.54,1.27,0.442339716902581,,1.02,10.0097,,0.26,19.48,94.46,0.26,19.57,,0.05,3.06,1.49,11.73,1.31,
Certovo,9,5/5/2021,Anaerobic,4.15,32.1,442.2,500,0.03,0.056,1080.223,13.77,,,611.1,5.1,0.19,4.810,0.104,0.952,1.021,0.069,0.90,0.76,0.20,443.26,0.03,79.11,0.012696605822233,38.790,,1.90,3.01,0.473935410967051,,0.43,6.9540,0.26,0.20,28.76,,0.20,28.76,,0.04,4.15,2.04,17.17,,
Certovo,9,5/5/2021,Anaerobic,4.15,27.6,446.2,500,0.03,0.065,1110.448,14.42,,,628.0,5.9,1.12,4.673,0.071,0.953,1.026,0.073,0.92,0.75,0.22,457.51,0.03,72.76,0.011447650043445,36.617,,1.76,3.31,0.521328952063756,,0.48,9.1963,0.94,0.22,26.98,,0.22,26.71,,0.04,3.37,2.52,21.92,,
Certovo,9,5/5/2021,Anaerobic,4.14,35.4,451.8,500,0.03,0.056,1095.242,14.22,,,624.0,5.2,0.34,4.728,0.124,0.957,1.042,0.085,0.88,0.70,0.19,447.24,0.03,64.72,0.008925630299322,28.736,,1.56,2.80,0.489733257999286,,0.46,9.9035,0.67,0.21,31.39,,0.21,31.39,,0.03,6.11,2.51,22.75,,
Certovo,9,5/5/2021,Anaerobic,4.14,32.8,421.5,500,0.03,0.050,1075.561,13.41,,,624.9,11.1,1.45,9.537,0.113,0.962,1.052,0.090,1.25,5.62,0.22,451.37,0.03,77.77,0.015122089844355,26.107,,1.90,3.24,0.537126799095991,,0.41,10.4802,6.66,0.17,14.84,,0.17,14.84,,0.04,2.49,2.62,25.57,,
Plesne,14,5/10/2021,Anaerobic,3.93,19.2,460.7,500,0.03,0.066,1244.388,18.02,,,590.9,3.1,0.75,2.309,0.065,2.348,2.222,0.000,0.50,0.59,0.06,392.31,0.03,118.65,0.022606288154816,17.317,0.18,1.99,1.98,0.379148328773641,0.002047400975378,0.65,1.4623,0.13,0.21,14.52,,0.49,15.48,0.04,0.05,1.99,0.76,3.56,0.40,
Plesne,14,5/10/2021,Anaerobic,3.92,24.4,464.0,500,0.03,0.040,1156.789,13.97,,,602.5,4.4,1.90,2.364,0.093,2.261,2.150,0.000,0.51,0.86,0.06,447.06,0.03,86.02,0.017920573514084,13.848,3.03,2.11,1.26,0.379148328773641,0.002274889972642,0.90,9.2239,,0.26,20.01,,0.26,20.01,,0.05,3.48,1.16,9.25,0.89,
Plesne,14,5/10/2021,Anaerobic,3.96,30.0,478.1,500,0.03,0.033,1060.799,12.20,,,558.1,4.6,1.76,2.733,0.087,2.224,2.048,0.000,0.57,0.64,0.07,426.95,0.03,23.38,0.019653811446308,11.680,3.82,2.06,1.04,0.363350481741406,0.002603107928894,0.95,11.2259,,0.53,91.07,0.59,0.36,68.48,,0.05,3.34,1.58,20.25,6.01,
Plesne,14,5/10/2021,Anaerobic,3.93,27.9,479.2,500,0.03,0.085,1335.317,22.86,,,650.6,4.6,1.74,2.870,0.000,2.298,2.013,0.000,0.67,0.72,0.08,453.50,0.03,31.92,0.011814824946668,12.038,3.25,2.00,0.92,0.284361246580231,0.000401022270818,0.78,6.2625,968.31,0.26,16.20,1.04,0.24,16.14,,0.05,3.33,1.08,11.79,,
Certovo,14,5/10/2021,Anaerobic,4.02,50.2,435.8,500,0.03,0.050,1106.017,19.41,,,628.0,5.6,0.10,5.548,0.000,1.051,1.094,0.044,0.96,1.22,0.24,411.91,0.03,78.77,0.013648656603607,14.578,7.97,1.21,3.26,0.410744022838111,0.129023610388642,0.65,6.9024,1.06,0.20,11.72,,0.20,11.72,,0.07,1.14,2.52,9.41,1.61,
Certovo,14,5/10/2021,Anaerobic,4.03,37.9,424.1,500,0.03,0.056,1183.421,20.61,,,655.0,7.0,0.88,5.821,0.288,1.072,1.109,0.037,0.93,1.10,0.23,417.77,0.03,127.70,0.016639742102863,14.749,10.41,1.43,3.36,0.442339716902581,0.150142738194362,0.62,6.8671,0.24,0.22,30.62,,0.54,59.02,0.13,0.06,1.72,2.51,16.91,2.66,
Certovo,14,5/10/2021,Anaerobic,4.03,35.9,419.6,500,0.03,0.068,1215.347,23.14,,,619.4,5.6,0.00,5.684,0.239,1.077,1.119,0.042,1.03,0.88,0.25,416.19,0.03,116.05,0.016827282521191,14.838,9.29,1.59,3.06,0.410744022838111,0.000863407085326,0.92,10.5009,0.40,0.22,19.47,,0.24,22.01,,0.04,2.70,2.51,14.62,61.04,
Certovo,14,5/10/2021,Anaerobic,4.03,42.4,399.0,500,0.03,0.047,1151.187,18.88,,,612.2,5.6,0.03,5.493,0.038,1.043,1.074,0.031,1.00,0.83,0.25,389.21,0.03,157.40,0.022286933886624,14.105,10.75,1.50,3.13,0.489733257999286,0.000366326887704,0.77,9.7795,2.72,0.20,18.18,,0.20,18.18,,0.04,3.78,3.98,16.58,2.54,
Plesne,16,5/12/2021,Anaerobic,3.92,5.2,409.5,500,0.03,0.180,1381.566,29.39,,,602.1,2.7,0.00,2.615,0.239,2.422,2.207,0.000,0.59,0.83,0.07,383.78,0.03,267.66,0.024639418630928,9.136,10.67,2.09,1.72,0.363350481741406,,0.55,5.5723,559.75,0.23,19.96,,0.27,21.58,0.47,0.04,3.18,0.56,5.02,593.99,
Plesne,16,5/12/2021,Anaerobic,3.92,10.4,412.5,500,0.03,0.091,1246.731,19.58,,,634.9,4.3,1.08,3.034,0.162,2.409,2.202,0.000,0.69,0.69,0.09,395.67,0.03,64.34,0.016406625734425,8.381,6.82,2.12,1.48,0.315956940644701,,1.05,12.6232,,0.38,25.10,0.31,0.29,21.75,2.25,0.04,6.52,1.15,10.45,1.51,
Plesne,16,5/12/2021,Anaerobic,3.98,2.8,425.5,500,0.03,0.044,1124.019,14.59,,,596.1,3.0,0.31,2.681,0.030,2.360,2.192,0.000,0.64,0.66,0.08,417.82,0.03,,,9.266,4.15,1.84,1.80,0.284361246580231,,0.60,6.9346,,0.22,17.09,3.48,0.22,17.02,,0.05,2.55,1.39,18.27,,
Plesne,16,5/12/2021,Anaerobic,3.90,3.1,426.5,500,0.03,0.181,1440.022,33.84,,,632.8,3.4,0.68,2.659,0.015,2.521,2.366,0.000,0.67,0.67,0.08,439.85,0.03,,,10.290,3.34,2.06,0.65,0.315956940644701,,1.20,6.1690,1.19,0.43,21.52,0.26,0.36,19.86,0.48,0.05,4.73,1.43,8.47,0.68,
Certovo,16,5/12/2021,Anaerobic,3.99,10.6,395.3,500,0.03,0.036,1162.437,20.81,,,626.6,5.4,0.00,5.575,0.060,1.155,1.218,0.064,1.06,0.89,0.27,418.92,0.03,82.40,0.016448443011711,14.815,7.74,1.58,3.25,0.410744022838111,,0.61,12.5542,1.44,0.22,23.65,,0.22,23.65,,0.04,3.60,2.55,23.62,,
Certovo,16,5/12/2021,Anaerobic,4.04,7.5,384.6,500,0.03,0.101,1237.608,26.51,,,588.7,3.7,0.00,5.876,0.014,1.117,1.149,0.031,1.02,0.84,0.25,414.06,0.03,76.56,0.01199373202345,14.309,6.97,1.64,2.45,0.394946175805876,,0.60,12.0020,1.25,0.28,23.90,0.22,0.20,19.15,,0.03,5.62,2.37,21.62,,
Certovo,16,5/12/2021,Anaerobic,3.97,8.1,380.5,500,0.03,0.155,1331.491,32.65,,,607.8,3.5,0.00,6.149,0.140,1.113,1.139,0.026,1.07,0.84,0.26,439.98,0.03,47.25,0.012809966805234,14.537,6.80,2.74,1.23,0.331754787676936,,0.79,8.1498,0.31,0.22,23.52,,0.22,23.52,,0.05,3.40,2.74,21.03,,
Certovo,16,5/12/2021,Anaerobic,3.98,8.9,361.6,500,0.03,0.099,1210.286,24.85,,,596.9,4.0,0.00,6.012,0.170,1.147,1.174,0.027,1.10,0.88,0.28,423.14,0.03,,,14.369,,1.61,0.93,0.379148328773641,,0.62,5.8667,0.15,0.26,31.69,0.57,0.21,26.16,,0.04,3.04,2.18,15.94,,
Plesne,21,5/17/2021,Anaerobic,3.88,7.0,441.5,500,0.03,0.359,1644.141,83.30,,,587.4,2.6,0.00,2.842,0.078,2.669,2.296,0.000,0.61,0.89,0.07,441.68,,,,10.90,,1.97,1.94,0.252765552515761,,1.29,7.7618,1.73,0.41,29.97,0.79,0.34,25.69,,0.05,5.82,1.22,12.48,100.00,
Plesne,21,5/17/2021,Anaerobic,3.86,7.3,361.9,500,0.03,0.177,1549.645,45.95,,,563.5,2.0,0.00,2.760,0.000,2.694,2.401,0.000,0.51,0.79,0.06,422.11,,,,7.19,,0.75,2.33,0.284361246580231,,1.03,3.8546,0.99,0.24,9.57,,0.24,9.57,,0.05,2.46,1.20,7.30,1.29,
Plesne,21,5/17/2021,Anaerobic,3.83,5.8,430.5,500,0.03,0.087,1423.998,27.67,,,548.5,2.5,0.00,3.006,0.025,2.681,2.495,0.000,0.55,0.71,0.07,371.65,,11.17,,5.73,1.53,2.04,1.09,0.236967705483526,,1.20,8.7911,,0.29,14.48,,0.29,14.48,,0.05,4.21,1.24,11.34,,
Plesne,21,5/17/2021,Anaerobic,3.86,6.4,437.5,500,0.03,0.401,1644.219,95.26,,,606.7,2.2,0.00,2.924,0.022,2.706,2.530,0.000,0.63,0.66,0.07,423.42,,,,8.86,,1.53,1.15,0.284361246580231,,1.05,6.7495,2.01,0.26,14.41,,0.26,14.41,,0.05,2.23,1.33,8.52,1.74,
Certovo,21,5/17/2021,Anaerobic,3.98,18.9,379.9,500,0.03,0.092,1419.457,35.15,,,579.2,3.8,0.00,6.777,0.055,1.260,1.288,0.028,1.09,0.92,0.28,357.01,,41.95,,10.57,3.20,0.79,3.86,0.410744022838111,,0.51,8.1240,,0.19,18.97,,0.19,18.97,,0.04,4.56,2.18,17.78,,
Certovo,21,5/17/2021,Anaerobic,3.90,10.9,388.9,500,0.03,0.176,1544.874,52.24,,,529.4,3.0,0.00,6.231,0.105,1.260,1.273,0.013,1.07,0.87,0.28,388.81,,84.45,,14.00,4.18,1.39,2.73,0.426541869870346,,0.73,8.0900,0.41,0.21,27.94,,0.21,28.39,,0.03,5.78,1.65,11.98,4.39,
Certovo,21,5/17/2021,Anaerobic,3.97,11.2,369.3,500,0.03,0.368,1619.197,89.61,,,535.3,3.1,0.00,6.067,0.099,1.204,1.223,0.019,0.96,0.77,0.26,392.15,,82.96,,13.56,4.87,1.33,2.58,0.489733257999286,,0.83,11.5529,0.24,0.20,25.20,,0.20,26.36,,0.03,4.69,2.28,24.15,,
Certovo,21,5/17/2021,Anaerobic,3.95,13.2,376.6,500,0.03,0.175,1530.146,50.40,,,592.7,3.7,0.00,6.641,0.044,1.284,1.298,0.014,1.02,0.86,0.28,350.93,,124.79,,12.58,5.55,0.68,3.72,0.473935410967051,,0.79,7.8652,0.55,0.21,19.98,,0.21,19.98,,0.04,3.37,2.90,20.10,,
Plesne,23,5/19/2021,Anaerobic,3.88,8.9,419.0,500,0.03,0.344,1633.855,99.47,,,584.6,2.3,0.00,2.870,0.094,2.731,2.445,0.000,0.40,0.69,0.06,404.41,0.03,60.59,0.020044835942925,7.118,1.72,2.72,,0.252765552515761,0.001115142143452,1.00,6.6069,1.34,0.39,21.62,0.17,0.25,19.91,,0.04,5.09,1.10,10.89,70.16,
Plesne,23,5/19/2021,Anaerobic,3.86,8.6,387.7,500,0.03,0.312,1618.173,64.17,,,573.7,2.2,0.00,3.061,0.096,2.323,2.356,0.033,0.43,0.57,0.06,419.04,0.03,,,6.138,1.97,2.40,,0.236967705483526,0.027403790099481,0.98,8.1368,,0.29,12.44,0.46,0.25,12.31,61.23,0.05,2.84,1.23,8.58,1.08,
Plesne,23,5/19/2021,Anaerobic,3.86,8.0,401.9,500,0.03,0.145,1532.838,36.03,,,572.3,2.7,0.00,2.897,0.107,2.706,2.376,0.000,0.43,0.60,0.05,416.52,0.03,,,6.922,,2.37,0.68,0.221169858451291,0.000641345431756,0.84,5.0914,0.84,0.24,14.85,,0.36,16.34,0.15,0.04,6.31,0.71,9.10,,
Plesne,23,5/19/2021,Anaerobic,3.86,10.0,405.7,500,0.03,0.428,1629.198,116.40,,,528.6,2.2,0.00,3.088,0.045,2.644,2.336,0.000,0.43,0.59,0.06,319.38,0.03,38.27,0.014045196849493,4.555,2.75,2.28,0.72,0.236967705483526,0.000892113714762,0.98,10.0307,2.37,0.26,19.86,,0.26,19.72,,0.04,4.53,1.08,12.30,2.38,
Certovo,23,5/19/2021,Anaerobic,3.92,16.7,311.8,500,0.03,0.175,1527.970,45.54,,,577.4,2.8,0.00,6.777,0.052,1.247,1.283,0.036,1.10,1.39,0.28,342.29,0.03,123.39,0.019522910982269,9.978,12.89,0.85,2.88,0.458137563934816,,0.75,7.1044,0.39,0.23,16.97,0.63,0.21,16.87,,0.04,5.15,2.54,20.21,3.08,
Certovo,23,5/19/2021,Anaerobic,3.93,14.8,357.9,500,0.03,0.378,1609.142,75.25,,,624.9,5.0,0.00,6.668,0.206,1.297,1.318,0.021,1.08,0.81,0.29,397.29,0.03,29.14,0.016221956383402,13.255,2.80,1.59,1.85,0.315956940644701,0.000743428095635,0.66,9.0871,,0.21,19.87,,0.21,19.87,,0.06,1.81,2.03,8.08,2.18,
Certovo,23,5/19/2021,Anaerobic,3.94,13.3,350.9,500,0.03,0.529,1623.775,118.85,,,588.2,3.2,0.00,6.695,0.047,1.297,1.328,0.031,1.09,0.87,0.31,363.68,0.03,78.00,0.013588024576247,12.618,4.19,0.71,3.74,0.458137563934816,0.000591841293695,0.56,6.4943,877.98,0.23,14.12,0.98,0.22,14.40,,0.04,2.79,2.32,13.41,1.84,
Certovo,23,5/19/2021,Anaerobic,3.93,12.9,359.5,500,0.03,0.385,1621.805,73.90,,,537.5,3.0,0.00,6.203,0.012,1.169,1.323,0.153,1.11,0.84,0.29,375.15,0.03,113.19,0.017156727137836,12.952,8.20,1.66,2.39,0.458137563934816,0.026653001329632,0.77,10.1056,,0.24,19.53,,0.24,19.75,,0.05,2.82,2.49,13.89,4.05,
Plesne,30,5/26/2021,Anaerobic,3.88,4.7,307.1,500,0.03,0.128,1554.355,102.77,,,674.6,9.2,5.55,3.635,0.047,2.904,2.639,0.000,0.64,0.77,0.09,446.90,,69.83,,12.77,5.84,2.24,1.57,0.173776317354585,,1.16,10.8524,,0.28,15.69,,0.35,12.07,0.23,0.05,4.33,1.09,10.46,,
Plesne,30,5/26/2021,Anaerobic,3.87,4.4,332.3,500,0.03,0.388,1618.193,135.68,,,691.1,9.6,5.96,3.580,0.092,2.879,2.569,0.000,0.67,0.79,0.09,454.50,,63.92,,13.30,4.30,2.23,1.55,0.173776317354585,,1.53,8.2692,3.15,0.39,14.65,0.36,0.31,15.15,67.22,0.05,3.94,1.32,7.97,2.98,
Plesne,30,5/26/2021,Anaerobic,3.86,5.1,339.3,500,0.03,0.326,1610.577,106.00,,,599.4,7.7,4.19,3.525,0.001,2.867,2.545,0.000,0.63,0.78,0.09,425.48,,58.27,,12.18,5.15,2.48,1.04,0.151659331509456,,0.90,8.5492,,0.25,18.33,,0.25,18.34,29.18,0.03,9.15,1.32,16.31,,
Plesne,30,5/26/2021,Anaerobic,3.85,3.2,318.2,500,0.03,0.111,1548.365,108.40,,,579.8,7.2,3.80,3.416,0.021,2.743,1.849,0.000,0.54,0.75,0.07,416.71,,65.01,,11.76,5.34,2.61,1.22,0.189574164386821,,0.78,7.4900,,0.47,28.50,0.14,0.27,20.37,0.69,0.04,5.07,0.98,11.30,1.59,
Certovo,30,5/26/2021,Anaerobic,3.94,10.0,285.2,500,0.03,0.358,1588.307,121.14,,,633.8,12.6,5.14,7.433,0.065,1.383,1.392,0.009,1.02,1.10,0.38,303.84,,208.91,,11.60,12.78,1.78,3.41,0.347552634709171,,1.37,11.2723,,0.29,16.12,,0.30,16.12,47.81,0.05,3.32,1.55,9.59,0.82,
Certovo,30,5/26/2021,Anaerobic,3.94,8.7,311.7,500,0.03,0.377,1599.538,138.39,,,583.6,11.5,4.35,7.051,0.055,1.260,1.353,0.093,1.07,1.07,0.38,367.25,,170.53,,15.09,11.73,2.08,2.16,0.379148328773641,,0.67,8.8687,,0.20,17.28,,0.20,17.41,3.02,0.04,3.25,2.69,13.87,1.72,
Certovo,30,5/26/2021,Anaerobic,3.93,8.4,316.7,500,0.03,0.113,1510.691,102.86,,,612.5,11.2,3.93,7.187,0.041,1.371,1.412,0.041,1.07,1.15,0.39,409.34,,130.57,,16.40,9.64,1.98,2.71,0.315956940644701,,1.10,10.0495,30.02,0.27,8.96,0.22,0.23,10.88,,0.07,1.51,3.54,10.03,2.93,
Certovo,30,5/26/2021,Anaerobic,3.92,9.1,285.2,500,0.03,0.397,1563.152,141.73,,,604.7,10.9,3.61,7.297,0.034,1.396,1.432,0.036,1.16,1.10,0.41,417.79,,120.81,,17.08,8.82,1.95,2.58,0.379148328773641,,0.77,9.3053,1.30,0.22,20.05,,0.27,22.80,0.49,0.04,5.33,2.80,17.82,3.25,
Plesne,35,5/31/2021,Anaerobic,3.69,7.4,248.3,500,0.03,0.023,1032.901,99.32,,,628.9,7.7,4.09,3.525,0.046,3.114,2.788,0.000,0.56,1.80,0.08,440.96,0.03,51.47,0.012626545525361,12.954,4.83,2.49,1.40,0.205372011419055,0.00071876460431,1.34,10.1395,0.79,0.12,4.76,372.59,0.12,4.93,371.90,0.04,5.50,5.07,16.82,2.39,
Plesne,35,5/31/2021,Anaerobic,3.68,8.0,263.1,500,0.03,0.059,1361.718,123.11,,,580.2,7.3,3.68,3.553,0.057,3.040,2.266,0.000,0.54,0.79,0.07,326.22,0.03,144.96,0.022017489199588,5.259,11.04,2.53,1.50,0.221169858451291,0.000517861131984,1.06,12.2511,,0.29,20.97,,0.29,20.97,,0.05,3.97,1.33,20.22,,
Plesne,35,5/31/2021,Anaerobic,3.67,9.5,307.7,500,0.03,0.206,1591.776,123.43,,,532.6,6.7,3.33,3.389,0.000,3.015,2.838,0.000,0.53,0.75,0.07,390.50,0.03,83.79,0.018568688766535,9.259,8.39,2.53,1.21,0.205372011419055,0.001331642910815,1.45,9.6731,,0.45,25.23,0.51,0.54,27.11,0.29,0.05,6.97,1.57,15.86,,
Plesne,35,5/31/2021,Anaerobic,3.64,6.4,322.6,500,0.03,0.023,997.530,105.96,,,571.0,8.9,5.22,3.689,0.000,3.065,2.247,0.000,0.60,0.74,0.08,374.81,0.03,92.56,0.021216325533538,8.240,8.88,2.36,1.24,0.205372011419055,0.001598370405614,1.15,6.5909,999.60,0.42,15.82,0.37,0.35,16.46,3.26,0.06,4.14,1.60,18.84,,
Certovo,35,5/31/2021,Anaerobic,3.76,12.8,293.7,500,0.03,0.190,1493.351,133.85,,,582.6,12.3,4.95,7.324,0.016,1.457,1.502,0.044,0.95,0.99,0.39,298.21,0.03,189.93,0.020319342361302,7.355,17.32,2.01,2.64,0.426541869870346,0.052296321210157,0.68,12.1787,,0.22,20.51,,0.22,20.51,,0.03,10.81,2.16,15.83,2.00,
Certovo,35,5/31/2021,Anaerobic,3.75,11.4,255.4,500,0.03,0.038,1181.812,122.72,,,534.5,11.8,4.65,7.187,0.006,1.495,1.497,0.002,0.97,0.95,0.40,364.57,0.03,140.89,0.017585108645211,13.397,13.50,1.83,1.98,0.331754787676936,0.301099258167555,0.54,9.0155,,0.19,17.20,,0.19,17.20,,0.03,9.53,1.50,16.26,,
Certovo,35,5/31/2021,Anaerobic,3.75,11.1,231.8,500,0.03,0.028,964.742,101.14,,,582.6,13.1,5.74,7.242,0.065,1.507,1.561,0.054,1.04,1.01,0.41,341.26,0.03,171.49,0.018909582224385,12.299,14.47,2.10,2.05,0.394946175805876,0.000368105173567,0.81,8.9184,,0.27,14.36,0.29,0.22,13.57,,0.07,1.41,3.54,18.67,5.61,
Certovo,35,5/31/2021,Anaerobic,3.76,11.8,279.9,500,0.03,0.034,1138.764,123.92,,,555.9,12.5,5.34,7.160,0.048,1.470,1.516,0.047,1.09,0.99,0.40,303.19,0.03,210.75,0.020138048308859,10.877,15.63,1.93,2.55,0.410744022838111,0.052555213889416,0.87,6.8574,0.64,0.21,17.16,,0.21,17.16,,0.05,2.48,1.91,11.70,,
Plesne,38,6/2/2021,Anaerobic,3.73,5.4,,500,0.03,0.013,957.985,99.86,,,447.6,7.5,3.26,3.990,0.225,3.670,3.458,0.000,0.57,0.76,0.08,224.84,,10.62,,11.68,3.09,2.64,1.51,0.173776317354585,,1.63,6.9960,,0.38,10.48,,0.40,9.69,1.32,0.06,5.84,1.77,13.95,,
Plesne,38,6/2/2021,Anaerobic,3.77,7.9,300.6,500,0.03,0.000,1298.409,120.97,,,540.0,7.9,4.21,3.635,0.003,3.077,2.862,0.000,0.53,0.73,0.07,259.47,,197.63,,6.00,11.47,2.53,1.17,0.189574164386821,,0.80,5.3126,999.80,0.35,14.31,0.21,0.32,14.83,0.33,0.04,4.15,1.16,14.43,,
Plesne,38,6/2/2021,Anaerobic,3.77,6.8,275.1,500,0.03,0.069,1563.179,123.48,,,572.6,8.4,4.55,3.826,0.013,3.089,2.843,0.000,0.59,0.74,0.08,302.74,,225.31,,4.57,13.96,2.31,1.48,0.173776317354585,,0.65,7.2004,,0.21,8.07,,0.21,8.07,,0.02,67.05,0.78,12.09,,
Plesne,38,6/2/2021,Anaerobic,3.72,6.6,64.1,500,0.03,0.011,925.783,106.36,,,490.0,8.7,4.85,3.826,0.014,3.052,2.877,0.000,0.54,0.71,0.07,271.87,,104.78,,4.76,12.00,2.36,1.20,0.189574164386821,,0.74,4.7541,,0.25,8.33,,0.25,8.33,,0.07,1.45,1.02,10.36,,
Certovo,38,6/2/2021,Anaerobic,3.87,15.8,243.5,500,0.03,0.034,1518.817,130.68,,,523.0,12.1,4.27,7.488,0.304,1.507,0.037,0.000,0.93,0.86,0.37,332.80,,149.78,,12.26,12.96,2.01,1.85,0.379148328773641,,0.63,5.5096,0.19,0.19,19.61,,0.19,19.61,,0.03,6.64,1.59,14.02,1.12,
Certovo,38,6/2/2021,Anaerobic,3.88,11.4,281.0,500,0.03,0.000,1097.317,121.31,,,517.7,12.2,4.49,7.652,0.036,1.470,1.555,0.085,0.92,0.88,0.37,385.21,,125.83,,12.73,13.04,1.90,2.55,0.379148328773641,,0.48,9.7277,,0.20,17.24,,0.20,17.24,,0.03,4.45,1.73,19.45,3.73,
Certovo,38,6/2/2021,Anaerobic,3.85,11.8,156.2,500,0.03,0.023,905.910,102.57,,,477.7,12.4,4.67,7.706,0.012,1.457,1.571,0.113,0.89,0.88,0.36,307.08,,190.27,,12.29,16.06,2.05,2.30,0.363350481741406,,0.54,11.4275,,0.20,21.24,,0.20,21.24,,0.03,6.29,2.34,16.81,0.68,
Certovo,38,6/2/2021,Anaerobic,3.84,9.4,277.5,500,0.03,0.027,1070.499,125.67,,,489.5,11.8,4.30,7.461,0.024,1.433,1.581,0.149,1.01,1.04,0.36,326.55,,200.25,,10.18,17.83,1.96,2.50,0.379148328773641,,0.71,6.8443,0.41,0.20,15.16,,0.20,15.16,,0.06,1.86,1.58,8.85,1.73,
Plesne,50,6/15/2021,Anaerobic,3.70,3.1,153.82,500,0.03,0.011,726.448,102.87,,,476.7,9.1,4.44,4.673,0.000,3.584,3.242,0.000,0.37,13.76,0.06,257.59,,91.83,,4.75,13.75,2.58,1.33,0.173776317354585,,0.56,10.2237,,0.29,23.94,0.18,0.24,21.89,0.36,0.02,37.73,1.03,27.78,,
Plesne,50,6/15/2021,Anaerobic,3.70,,154.85,500,0.03,0.015,1038.097,127.65,,,459.6,8.6,4.23,4.236,0.120,3.411,3.195,0.000,0.43,1.52,0.07,257.12,,139.83,,3.64,14.39,2.61,1.56,0.189574164386821,,0.65,8.2144,,0.27,19.04,0.25,0.24,17.80,0.43,0.02,24.65,1.24,31.60,,
Plesne,50,6/15/2021,Anaerobic,3.69,3.3,109.53,500,0.03,0.019,1449.845,121.86,,,476.8,10.2,5.63,4.482,0.110,3.485,3.311,0.000,0.43,1.01,0.07,209.94,,219.19,,3.27,15.48,2.57,1.43,0.173776317354585,,1.10,8.6836,1.30,0.30,19.74,,0.30,19.74,,0.05,4.05,1.35,24.27,,
Plesne,50,6/15/2021,Anaerobic,3.70,4.3,98.20,500,0.03,0.013,717.188,110.19,,,473.9,8.1,3.80,4.318,0.007,3.460,3.343,0.000,0.55,1.42,0.08,246.47,,188.90,,4.12,14.59,2.51,1.20,0.173776317354585,,1.05,5.6800,,0.25,11.60,,0.25,11.60,,0.06,1.75,1.31,13.72,,
Certovo,50,6/15/2021,Anaerobic,3.83,8.2,48.76,500,0.03,0.030,1350.338,138.88,,,442.4,12.8,4.63,8.116,0.028,1.680,1.783,0.103,1.04,1.20,0.51,229.03,,148.69,,7.19,18.74,2.28,1.88,0.410744022838111,,0.52,6.4133,0.62,0.19,18.00,,0.19,18.00,,0.02,12.80,1.51,19.63,,
Certovo,50,6/15/2021,Anaerobic,3.88,6.7,101.30,500,0.03,0.020,882.252,129.79,,,460.5,12.7,4.76,7.980,0.012,1.692,1.810,0.117,1.02,1.26,0.48,247.96,,219.22,,9.69,17.73,2.39,2.46,0.363350481741406,,0.60,8.5735,,0.21,13.44,18.59,0.21,13.44,,0.05,2.08,1.53,16.42,,
Certovo,50,6/15/2021,Anaerobic,3.84,8.0,121.64,500,0.03,0.016,737.676,106.42,,,457.0,12.0,3.83,8.116,0.028,1.729,0.218,0.000,1.02,1.79,0.49,256.77,,201.18,,14.06,13.95,1.79,1.70,0.347552634709171,,0.62,5.5431,0.33,0.27,23.98,0.24,0.20,19.86,,0.03,5.96,1.71,19.59,2.88,
Certovo,50,6/15/2021,Anaerobic,3.83,7.7,200.44,500,0.03,0.018,857.535,129.60,,,503.7,11.7,3.61,8.034,0.101,1.705,1.826,0.121,1.02,1.35,0.51,315.79,,227.00,,11.03,16.95,2.25,2.74,0.410744022838111,,0.58,8.3004,2.46,0.22,20.61,,0.30,23.74,0.22,0.04,3.80,2.59,24.67,1.25,
Plesne,58,6/23/2021,Anaerobic,3.71,,0,500,0.03,0.012,656.580,105.36,,,393.4,6.7,2.56,4.099,0.072,3.670,3.370,0.000,0.45,0.95,0.08,236.49,0.02,46.95,0.013580892163715,6.376,11.91,3.01,1.25,0.145340192696562,0.000976025400803,0.74,5.6471,,0.21,12.78,,0.21,12.78,,0.02,10.91,1.29,23.86,,
Plesne,58,6/23/2021,Anaerobic,3.70,4.8,0,500,0.03,0.002,955.530,126.86,,,370.9,5.7,1.55,4.127,0.043,3.621,3.349,0.000,0.47,0.82,0.08,223.20,0.02,40.73,,5.585,11.09,2.40,1.53,0.15797847032235,0.034330843699902,0.68,5.4312,,0.20,13.59,,0.20,13.59,,0.03,14.07,1.10,22.41,,
Plesne,58,6/23/2021,Anaerobic,3.67,2.9,0,500,0.03,0.009,1389.708,122.64,,,407.7,7.1,2.56,4.400,0.102,3.757,3.449,0.000,0.53,1.14,0.09,193.97,0.02,76.72,0.016817581312606,5.055,11.99,2.84,0.07,0.140600838586892,0.01876971924622,0.79,4.0653,795.52,0.29,11.02,,0.29,11.02,,0.05,5.65,1.58,19.42,,
Plesne,58,6/23/2021,Anaerobic,3.70,3.3,0,500,0.03,0.008,657.655,111.32,,,379.4,5.2,1.23,3.963,0.010,3.608,3.455,0.000,0.47,0.96,0.08,214.07,0.02,42.38,0.005511819451598,4.747,11.92,2.38,1.43,0.156398685619127,0.000744122888247,1.60,6.9510,,0.38,10.57,,0.38,10.57,,0.06,6.34,1.59,13.68,,
Certovo,58,6/23/2021,Anaerobic,3.82,6.7,0,500,0.03,0.003,1284.206,136.84,,,430.2,10.9,2.60,8.226,0.049,1.804,1.889,0.086,1.03,1.27,0.51,235.97,0.02,97.33,0.009677336965715,7.179,19.28,2.58,1.63,0.379148328773641,0.067570989286392,0.58,6.3476,,0.20,12.93,,0.20,12.93,45.03,0.08,1.13,2.15,14.04,1.70,
Certovo,58,6/23/2021,Anaerobic,3.83,5.8,0,500,0.03,0.015,813.273,132.24,,,409.2,11.2,3.04,8.116,0.049,1.779,1.852,0.073,1.00,1.09,0.55,227.30,0.02,135.03,0.018147704594194,13.251,15.16,2.56,2.22,0.379148328773641,0.093215003757032,0.53,8.0422,,0.19,16.09,,0.19,16.53,,0.04,3.00,1.75,23.49,,
Certovo,58,6/23/2021,Anaerobic,3.84,4.1,0,500,0.03,0.018,681.012,110.16,,,421.2,12.1,4.08,7.980,0.041,1.828,1.868,0.040,0.91,1.09,0.47,233.43,0.02,112.23,0.012340580277109,11.221,16.60,2.67,1.39,0.331754787676936,0.028939824128616,0.58,7.7850,,0.08,3.61,338.15,0.19,14.20,,0.05,1.90,1.64,19.63,,
Certovo,58,6/23/2021,Anaerobic,3.82,1.2,0,500,0.03,0.015,792.125,132.03,,,432.0,13.6,5.29,8.226,0.040,1.865,1.900,0.034,1.12,1.18,0.54,202.87,0.02,151.20,0.011311943746726,7.166,20.91,2.66,1.98,0.347552634709171,0.020388164849149,0.53,8.4236,,0.19,22.34,,0.19,22.33,,0.03,5.71,1.72,22.23,,
