"V1","V2","V3","V4","V5","V6","V7"
9.12071750029106,0.131602643779451,0.0657867662810805,0.0290200742041245,0.608497549406403,0.184049930883863,0.0221121114378304
13.9847695390782,11.4914829659319,0.107214437785571,0.385771549228457,0.495871743486974,1.94809619238477,0.087
7.34098196392786,7.77394789579158,0.458917841082164,0.394789585210421,0.639799599198397,0.338276553106212,0.332
10.7300601202405,1.27945891783567,0.962925852074148,0.149298605701403,0.329859719438878,2.5060120240481,0.685
6.80350701402806,7.60971943887776,0.431863733136272,0.741482968517034,0.635991983967936,0.123246492985972,0.627
2.19018036072144,5.56432865731463,0.0651302698697395,0.711422848577154,0.677875751503006,0.129058116232465,0.518
5.474749498998,1.59298597194389,0.435871749128256,0.917835672164329,0.256753507014028,1.30591182364729,0.157
9.9686372745491,1.08537074148297,0.975951904048096,0.231462933537074,0.795150300601202,1.137374749499,0.334
10.8942885771543,6.71392785571142,0.0571142378857715,0.808617236382766,0.727374749498998,0.960120240480962,0.369
1.05551102204409,13.1486973947896,0.904809620190381,0.589178360821643,0.449418837675351,1.52094188376754,0.979
13.4472945891784,11.7303607214429,0.561122248877756,0.609218440781563,0.875871743486974,0.614328657314629,0.497
14.9701402805611,7.69929859719439,0.189378765621242,0.955911824088176,0.27122244488978,2.32004008016032,0.248
9.13256513026052,4.14599198396794,0.845691384308617,0.401803613196393,0.904809619238477,2.88376753507014,0.505
1.86172344689379,0.652404809619239,0.154308625691383,0.493987981012024,0.578877755511022,0.997895791583166,0.435
14.5073146292585,9.19228456913828,0.783567136432866,0.827655312344689,0.604769539078156,1.14318637274549,0.549
14.8805611222445,9.72975951903808,0.500000005,0.579158320841683,0.420480961923848,0.466132264529058,0.117
7.29619238476954,11.2376753507014,0.816633268366733,0.462925857074148,0.774589178356713,2.23867735470942,0.457
13.2830661322645,9.34158316633266,0.958917836082164,0.0671342778657315,0.663406813627255,2.80821643286573,0.584
1.6377755511022,13.7458917835671,0.517034072965932,0.115230469769539,0.780681362725451,0.402204408817635,0.613
9.98356713426854,2.65300601202405,0.736472948527054,0.918837676162325,0.582685370741483,1.65751503006012,0.144
6.98266533066132,8.6249498997996,0.681362728637275,0.627254512745491,0.258276553106212,1.16062124248497,0.2
0.921142284569138,11.1480961923848,0.766533068466934,0.488977961022044,0.833987975951904,0.576553106212425,0.934
6.60941883767535,4.16092184368737,0.80260521239479,0.54008016491984,0.347374749498998,0.582364729458918,0.472
5.80320641282565,0.383667334669339,0.457915837084168,0.435871749128256,0.434188376753507,1.48897795591182,0.469
4.87755511022044,1.56312625250501,0.698396796603206,0.930861724138277,0.453987975951904,0.503907815631263,0.828
7.20661322645291,14.2236472945892,0.0380761619238477,0.26252505747495,0.624569138276553,0.535871743486974,0.662
4.54909819639279,13.9399799599198,0.913827656172345,0.337675357324649,0.692344689378757,0.585270541082164,0.574
7.90831663326653,3.30991983967936,0.730460924539078,0.300601209398798,0.246092184368737,2.8750501002004,0.898
11.1779559118236,6.43026052104208,0.788577156422846,0.539078160921844,0.425050100200401,2.61352705410822,0.001
9.20721442885772,0.951002004008016,0.223446901553106,0.0490982059018036,0.604008016032064,1.03276553106212,0.804
4.80290581162325,10.4016032064128,0.78256513243487,0.332665337334669,0.773066132264529,0.814829659318637,0.479
3.33977955911824,14.7461923847695,0.883767536232465,0.764529060470942,0.632184368737475,1.72144288577154,0.397
6.16152304609218,14.9253507014028,0.833667336332665,0.21242485757515,0.949739478957916,0.169739478957916,0.022
14.4028056112224,2.96653306613226,0.856713428286573,0.586172348827655,0.478356713426854,0.364428857715431,0.281
9.55060120240481,9.64018036072144,0.995991984008016,0.677354712645291,0.295591182364729,0.692785571142285,0.531
7.05731462925852,2.60821643286573,0.513026056973948,0.25250501749499,0.276553106212425,1.07635270541082,0.541
9.90891783567134,10.7748496993988,0.659318640681363,0.363727461272545,0.798196392785571,1.3001002004008,0.462
12.3275551102204,13.297995991984,0.462925857074148,0.765531064468938,0.915470941883768,2.43336673346693,0.606
1.45861723446894,1.50340681362725,0.888777556222445,0.475951909048096,0.997715430861723,1.69529058116232,0.867
12.5664328657315,0.50310621242485,0.789579160420842,0.379759525240481,0.331382765531062,0.716032064128256,0.266
13.4622244488978,1.48847695390782,0.753507016492986,0.97995992004008,0.300921843687375,2.40140280561122,0.524
7.19168336673347,12.7306613226453,0.0891783658216433,0.254509025490982,0.450180360721443,1.50931863727455,0.64
1.9065130260521,13.8653306613226,0.348697401302605,0.553106216893788,0.424288577154309,1.08507014028056,0.305
2.33947895791583,3.72795591182365,0.318637281362725,0.998997996002004,0.384689378757515,2.67164328657315,0.112
7.86352705410822,7.23647294589178,0.808617236382766,0.652304612695391,0.945931863727455,1.29138276553106,0.416
8.59509018036072,8.86382765531062,0.0521042178957916,0.157314637685371,0.730420841683367,0.419639278557114,0.162
1.59298597194389,2.08567134268537,0.577154312845691,0.0921843778156312,0.351182364729459,1.93066132264529,0.609
8.72945891783567,6.96773547094188,0.487975957024048,0.612224452775551,0.841603206412826,2.11372745490982,0.98
10.2821643286573,14.4923847695391,0.663326656673347,0.0220440979559118,0.303967935871743,1.2187374749499,0.418
0.189579158316633,14.4774549098196,0.371743493256513,0.326653313346693,0.639038076152305,2.64549098196393,0.048
7.38577154308617,7.26633266533066,0.256513033486974,0.00901804598196393,0.931462925851703,2.28517034068136,0.454
11.700501002004,8.43086172344689,0.0661322738677355,0.937875752124248,0.313867735470942,1.7185370741483,0.167
10.9241482965932,4.57895791583166,0.477955917044088,0.221442893557114,0.814188376753507,1.42214428857715,0.704
1.01072144288577,1.72735470941884,0.693386776613226,0.894789580210421,0.715951903807615,1.20130260521042,0.53
10.0880761523046,6.84829659318637,0.94488978011022,0.263527061472946,0.757835671342685,1.43376753507014,0.882
8.50551102204409,2.92174348697395,0.569138280861723,0.0631262618737475,0.758597194388778,1.10250501002004,0.284
7.31112224448898,3.50400801603206,0.790581164418838,0.838677356322645,0.283406813627255,1.47154308617234,0.394
14.0892785571142,11.5064128256513,0.998997996002004,0.910821644178357,0.638276553106212,2.2938877755511,0.594
8.10240480961924,9.32665330661323,0.266533073466934,0.654308620691383,0.521763527054108,0.980460921843687,0.925
8.99819639278557,7.40070140280561,0.862725452274549,0.348697401302605,0.647414829659319,1.66913827655311,0.557
11.1182364729459,9.53567134268537,0.0591182458817635,0.49498998501002,0.28188376753507,2.56993987975952,0.143
3.11583166332665,1.53326653306613,0.850701404298597,0.330661329338677,0.537755511022044,0.875851703406814,0.961
13.0889779559118,12.790380761523,0.728456916543086,0.895791584208417,0.335190380761523,0.628857715430862,0.017
13.4174348697395,5.02685370741483,0.587174352825651,0.410821649178357,0.877394789579158,0.227855711422846,0.109
8.78917835671343,2.22004008016032,0.275551109448898,0.0941883858116232,0.475310621242485,1.58196392785571,0.798
6.62434869739479,3.62344689378758,0.153306621693387,0.658316636683367,0.811142284569138,0.192985971943888,0.757
12.5067134268537,4.99699398797595,0.514028060971944,0.790581164418838,0.786773547094188,0.634669338677355,0.501
14.1937875751503,14.014629258517,0.385771549228457,0.960921844078156,0.83627254509018,0.495190380761523,0.256
10.5359719438878,12.2976953907816,0.221442893557114,0.898797596202405,0.712144288577154,1.66623246492986,0.075
6.59448897795591,10.8942885771543,0.491983973016032,0.795591184408818,0.492064128256513,1.23326653306613,0.509
9.72975951903808,9.25200400801603,0.605210424789579,0.405811629188377,0.63751503006012,1.40180360721443,0.576
10.4463927855711,4.3251503006012,0.106212433787575,0.106212433787575,0.641322645290581,0.134869739478958,0.739
13.0441883767535,12.5813627254509,0.0480962019038076,0.145290589709419,0.255230460921844,0.881663326653307,0.896
7.25140280561122,2.05581162324649,0.993987976012024,0.967935872064128,0.834749498997996,0.849699398797595,0.364
3.04118236472946,9.8939879759519,0.460921849078156,0.977955912044088,0.305490981963928,0.640480961923848,0.998
4.23557114228457,11.9244488977956,0.554108220891784,0.366733473266533,0.334428857715431,2.06142284569138,0.159
9.625250501002,0.219438877755511,0.290581169418838,0.868737476262525,0.387735470941884,2.45661322645291,0.392
11.0585170340681,12.4917835671343,0.93987976012024,0.407815637184369,0.667214428857715,1.00080160320641,0.018
1.9811623246493,0.23436873747495,0.548096196903808,0.592184372815631,0.683206412825651,1.48316633266533,0.179
8.93847695390782,12.7754509018036,0.906813628186373,0.0360721539278557,0.634468937875752,2.66583166332665,0.299
13.40250501002,5.53446893787575,0.465931869068136,0.141282573717435,0.429619238476954,2.73847695390782,0.324
1.83186372745491,6.13166332665331,0.916833668166333,0.685370744629259,0.550701402805611,2.95931863727455,0.067
5.28066132264529,4.69839679358717,0.368737481262525,0.718436876563126,0.24685370741483,0.344088176352705,0.37
1.78707414829659,8.90861723446894,0.394789585210421,0.524048100951904,0.500440881763527,1.69819639278557,0.219
0.413527054108216,14.8805611222445,0.720440884559118,0.626252508747495,0.591823647294589,0.358617234468938,0.953
4.28036072144289,12.924749498998,0.200400809599198,0.420841689158317,0.984769539078156,0.114529058116232,0.357
1.77214428857715,7.04238476953908,0.361723453276553,0.0130260619739479,0.29939879759519,2.81402805611222,0.187
3.72795591182365,11.8199398797595,0.240480969519038,0.639278560721443,0.805811623246493,1.33496993987976,0.145
12.312625250501,2.83216432865731,0.614228460771543,0.271543093456914,0.259038076152305,1.77084168336673,0.836
13.6563126252505,4.22064128256513,0.721442888557114,0.513026056973948,0.713667334669339,2.42464929859719,0.234
1.80200400801603,14.1042084168337,0.576152308847695,0.43486974513026,0.325290581162325,0.471943887775551,0.669
5.6688376753507,1.81693386773547,0.709418840581162,0.739478960521042,0.820280561122244,0.791583166332665,0.183
6.2809619238477,13.2233466933868,0.329659325340681,0.437875757124248,0.729659318637275,1.35531062124249,0.636
2.72765531062124,13.6563126252505,0.851703408296593,0.704408820591182,0.865971943887776,1.4686372745491,0.116
1.04058116232465,4.41472945891784,0.631262528737475,0.640280564719439,0.433426853707415,1.23617234468938,0.959
0.353807615230461,4.54909819639279,0.419839685160321,0.733466936533066,0.466933867735471,0.593987975951904,0.361
15,9.65511022044088,0.342685377314629,0.913827656172345,0.701482965931864,1.43667334669339,0.482
9.19228456913828,11.2526052104208,0.900801604198397,0.323647301352705,0.646653306613227,2.22124248496994,0.537
1.16002004008016,8.38607214428858,0.887775552224449,0.441883773116232,0.9512625250501,2.48276553106212,0.679
9.95370741482966,14.5968937875752,0.391783573216433,0.261523053476954,0.377835671342685,0.951402805611222,0.668
0.264228456913828,6.10180360721443,0.815631264368737,0.564128260871744,0.853026052104208,2.54959919839679,0.47
13.6413827655311,7.99789579158317,0.111222453777555,0.9749499000501,0.260561122244489,1.2623246492986,0.428
7.08717434869739,0.114929859719439,0.933867736132264,0.716432868567134,0.795911823647295,2.16022044088176,0.153
7.02745490981964,2.59328657314629,0.22745491754509,0.683366736633267,0.706813627254509,0.896192384769539,0.632
0.562825651302605,11.2078156312625,0.893787576212425,0.309619245380761,0.575070140280561,2.10791583166333,0.876
5.08657314629258,11.6109218436874,0.372745497254509,0.831663328336673,0.521002004008016,1.73306613226453,0.321
6.87815631262525,0.712124248496994,0.334669345330661,0.669338680661323,0.338997995991984,1.04438877755511,0.13
14.9104208416834,0.428456913827655,0.905811624188377,0.313627261372745,0.934509018036072,1.0560120240481,0.433
10.5658316633267,14.4177354709419,0.254509025490982,0.264529065470942,0.61314629258517,2.93897795591182,0.307
3.39949899799599,5.17615230460922,0.0120240579759519,0.865731464268537,0.963446893787575,0.285971943887776,0.473
0.1,4.92234468937876,0.586172348827655,0.613226456773547,0.944408817635271,2.00911823647295,0.989
14.0444889779559,11.8497995991984,0.660320644679359,0.631262528737475,0.856833667334669,0.163927855711423,0.588
4.11613226452906,3.07104208416834,0.468937881062124,0.852705412294589,0.856072144288577,2.00330661322645,0.654
13.2084168336673,0.159719438877756,0.607214432785571,0.450901809098196,0.674068136272545,2.27645290581162,0.793
1.75721442885772,2.01102204408818,0.359719445280561,0.0581162418837675,0.34813627254509,0.239478957915832,0.572
5.10150300601202,2.23496993987976,0.358717441282565,0.0961923938076152,0.513386773547094,1.89579158316633,0.644
10.3717434869739,0.3687374749499,0.49498998501002,0.546092188907816,0.796673346693387,2.84018036072144,0.747
7.47535070140281,10.3717434869739,0.289579165420842,0.970941884058116,0.786012024048096,2.76172344689379,0.604
9.68496993987976,12.551503006012,0.0150300699699399,0.234468945531062,0.822565130260521,0.248196392785571,0.327
5.63897795591182,5.51953907815631,0.891783568216433,0.0681362818637274,0.465410821643287,1.67204408817635,0.097
5.54939879759519,6.48997995991984,0.331663333336673,0.477955917044088,0.680921843687375,2.07595190380762,0.459
0.876352705410822,6.95280561122244,0.0751503098496994,0.99498998001002,0.458557114228457,2.9622244488978,0.041
5.1313627254509,0.398597194388778,0.672344692655311,0.783567136432866,0.776112224448898,0.750901803607214,0.039
12.4022044088176,6.19138276553106,0.270541089458918,0.480961929038076,0.861402805611222,2.01783567134269,0.205
9.11763527054108,5.99729458917836,0.422845697154309,0.189378765621242,0.894148296593186,2.84599198396794,0.664
9.1624248496994,9.90891783567134,0.129258525741483,0.936873748126252,0.516432865731463,2.71523046092184,0.181
12.7605210420842,10.3866733466934,0.524048100951904,0.893787576212425,0.406773547094188,0.93687374749499,0.567
3.62344689378758,6.25110220440882,0.68737475262525,0.20240481759519,0.426573146292585,0.855511022044088,0.088
5.29559118236473,5.63897795591182,0.52004008495992,0.162324657675351,0.719759519038076,2.36653306613226,0.077
14.6118236472946,8.0874749498998,0.0260521139478958,0.9498998001002,0.698436873747495,0.657915831663327,0.259
0.204509018036072,8.01282565130261,0.666332668667335,0.431863733136272,0.605531062124248,0.204609218436874,0.489
4.77304609218437,10.103006012024,0.874749500250501,0.630260524739479,0.762404809619239,2.11082164328657,0.553
6.81843687374749,0.129859719438878,0.105210429789579,0.453907821092184,0.732705410821643,2.72394789579158,0.289
5.45981963927856,3.74288577154309,0.715430864569138,0.622244492755511,0.545370741482966,1.46282565130261,0.986
12.3574148296593,5.78827655310621,0.54509018490982,0.238476961523046,0.640561122244489,2.06432865731463,0.368
10.0731462925852,10.2523046092184,0.423847701152305,0.866733468266533,0.952785571142285,1.82605210420842,0.759
12.2827655310621,6.02715430861723,0.538076156923848,0.298597201402806,0.731182364729459,2.27935871743487,0.535
13.3427855711423,7.55,0.611222448777555,0.27755511744489,0.778396793587174,0.172645290581162,0.852
10.9987975951904,11.4466933867735,0.0100200499799599,0.203406821593186,0.326052104208417,0.739278557114228,0.044
14.1788577154309,4.07134268537074,0.590180364819639,0.51002004497996,0.936793587174349,0.631763527054108,0.471
4.19078156312625,14.3132264529058,0.875751504248497,0.73747495252505,0.848456913827655,0.602705410821643,0.801
5.48967935871744,1.38396793587174,0.627254512745491,0.94488978011022,0.37250501002004,0.806112224448898,0.261
2.96653306613226,9.80440881763527,0.453907821092184,0.333667341332665,0.914709418837675,2.98547094188377,0.741
11.5213426853707,0.995791583166333,0.25250501749499,0.447895797104208,0.380120240480962,1.56452905811623,0.879
3.74288577154309,3.19048096192385,0.355711429288577,0.701402808597194,0.524809619238477,2.35490981963928,0.813
14.387875751503,8.92354709418838,0.140280569719439,0.961923848076152,0.743366733466934,0.277254509018036,0.396
4.75811623246493,9.40130260521042,0.610220444779559,0.875751504248497,0.609338677354709,2.52344689378758,0.405
10.7748496993988,1.4436873747495,0.763527056472946,0.763527056472946,0.97563126252505,2.80240480961924,0.142
6.29589178356713,0.980861723446894,0.597194392805611,0.258517041482966,0.326813627254509,1.98296593186373,0.865
14.1042084168337,8.41593186372745,0.0791583258416833,0.226452913547094,0.42809619238477,1.07054108216433,0.212
12.5365731462926,10.3120240480962,0.5250501049499,0.902805612194389,0.543847695390782,2.65711422845691,0.113
5.42995991983968,14.7312625250501,0.738476956523046,0.299599205400802,0.492825651302605,2.7123246492986,0.135
4.48937875751503,5.474749498998,0.181362733637275,0.421843693156313,0.361843687374749,2.07885771543086,0.081
7.72915831663327,11.5810621242485,0.442885777114228,0.286573153426854,0.275791583166333,0.283066132264529,0.161
5.11643286573146,4.34008016032064,0.714428860571142,0.990981964018036,0.953547094188377,2.94769539078156,0.964
5.14629258517034,10.5509018036072,0.4498998051002,0.218436881563126,0.444849699398798,1.86673346693387,0.331
0.846492985971944,1.14509018036072,0.0370741579258517,0.629258520741483,0.501963927855711,2.72104208416834,0.442
3.57865731462926,1.33917835671343,0.918837676162325,0.750501004498998,0.854549098196393,2.61643286573146,0.931
10.5061122244489,14.1937875751503,0.583166336833667,0.840681364318637,0.964208416833667,1.98587174348697,0.583
6.77364729458918,14.0444889779559,0.56012024487976,0.241482973517034,0.324529058116232,2.14569138276553,0.222
2.13046092184369,0.682264529058116,0.373747501252505,0.861723448276553,0.80124248496994,1.5877755511022,0.246
1.26452905811623,0.741983967935872,0.149298605701403,0.617234472765531,0.498156312625251,1.71563126252505,0.554
13.3278557114228,3.45921843687375,0.598196396803607,0.932865732134268,0.920040080160321,2.95060120240481,0.949
12.1483967935872,10.6554108216433,0.00200401799599198,0.342685377314629,0.926132264529058,1.55290581162325,0.005
8.32635270541082,6.83336673346693,0.696392788607214,0.0511022138977956,0.374789579158317,1.06472945891784,0.209
13.775751503006,13.775751503006,0.686372748627255,0.748496996503006,0.35498997995992,0.387675350701403,0.555
3.01132264529058,13.910120240481,0.917835672164329,0.0981964018036072,0.432665330661323,1.70400801603206,0.303
0.458316633266533,6.31082164328657,0.502004012995992,0.00801604198396793,0.779919839679359,1.90450901803607,0.991
10.47625250501,3.66823647294589,0.116232473767535,0.270541089458918,0.655791583166333,2.68907815631263,0.743
9.74468937875752,9.31172344689379,0.148296601703407,0.829659320340681,0.277314629258517,1.44248496993988,0.498
2.26482965931864,2.29468937875752,0.436873753126252,0.0100200499799599,0.687775551102204,0.643386773547094,0.278
2.99639278557114,6.66913827655311,0.837675352324649,0.316633273366733,0.889579158316633,3,0.086
4.56402805611222,3.28006012024048,0.909819640180361,0.96993988006012,0.939839679358717,2.2125250501002,0.866
13.9250501002004,1.95130260521042,0.0310621339378757,0.679358720641283,0.642084168336673,1.28847695390782,0.27
13.0740480961924,1.23466933867735,0.869739480260521,0.319639285360721,0.398396793587174,1.72725450901804,0.124
6.72885771543086,0.264228456913828,0.625250504749499,0.730460924539078,0.457795591182365,1.33787575150301,0.486
13.3129258517034,11.2675350701403,0.981963928036072,0.4498998051002,0.280360721442886,2.86052104208417,0.228
7.8187374749499,2.33947895791583,0.575150304849699,0.314629265370741,0.380881763527054,1.31753507014028,0.872
4.71332665330661,5.6688376753507,0.855711424288577,0.393787581212425,0.536993987975952,2.02655310621242,0.766
5.57925851703407,14.0594188376754,0.632264532735471,0.720440884559118,0.938316633266533,0.291783567134269,0.571
4.5938877755511,12.5216432865731,0.518036076963928,0.496993993006012,0.705290581162325,1.91613226452906,0.532
6.35561122244489,13.0441883767535,0.305611229388777,0.602204412795591,0.49434869739479,1.88416833667335,0.674
0.383667334669339,1.07044088176353,0.674348700651303,0.490981969018036,0.607054108216433,0.695691382765531,0.9
13.7309619238477,10.610621242485,0.214428865571142,0.124248505751503,0.804288577154309,1.11122244488978,0.8
3.66823647294589,12.0289579158317,0.854709420290581,0.69739479260521,0.523286573146293,1.53256513026052,0.536
2.42905811623246,5.62404809619238,0.619238480761523,0.623246496753507,0.252945891783567,1.06182364729459,0.591
9.02805611222445,8.65480961923848,0.866733468266533,0.825651304348697,0.57811623246493,0.963026052104208,0.175
14.626753507014,8.61002004008016,0.396793593206413,0.837675352324649,0.653507014028056,1.11993987975952,0.038
7.13196392785571,8.87875751503006,0.76753507246493,0.0330661419338677,0.46312625250501,0.501002004008016,0.862
11.5661322645291,9.46102204408818,0.206412833587174,0.158316641683367,0.610861723446894,2.18346693386774,0.538
13.9549098196393,6.37054108216433,0.897795592204409,0.696392788607214,0.984008016032064,1.2565130260521,0.121
9.38637274549098,9.93877755511022,0.873747496252505,0.223446901553106,0.594108216432866,2.83436873747495,0.667
8.84889779559118,11.2824649298597,0.161322653677355,0.419839685160321,0.731943887775551,0.625951903807615,0.921
1.3690380761523,5.29559118236473,0.0230461019539078,0.388777561222445,0.761643286573146,1.97715430861723,0.146
10.0134268537074,8.26663326653307,0.137274557725451,0.667334672665331,0.592585170340681,1.21002004008016,0.244
5.02685370741483,7.71422845691383,0.131262533737475,0.781563128436874,0.543086172344689,0.460320641282565,0.027
11.461623246493,9.625250501002,0.330661329338677,0.735470944529058,0.418196392785571,1.30881763527054,0.742
2.9814629258517,6.50490981963928,0.652304612695391,0.698396796603206,0.92689378757515,2.29098196392786,0.978
8.13226452905812,0.309018036072144,0.705410824589178,0.662324652675351,0.809619238476954,0.184268537074148,0.481
5.16122244488978,9.44609218436874,0.849699400300601,0.828657316342685,0.677114228456914,1.04148296593186,0.408
2.39919839679359,13.8504008016032,0.521042088957916,0.731462928537074,0.476833667334669,1.1751503006012,0.966
10.2970941883768,13.4174348697395,0.0741483058517034,0.312625257374749,0.490541082164329,1.89869739478958,0.16
4.20571142284569,7.53507014028056,0.135270549729459,0.714428860571142,0.760120240480962,2.09919839679359,0.638
12.7306613226453,9.01312625250501,0.0280561219438878,0.847695392304609,0.91623246492986,1.37274549098196,0.447
11.939378757515,10.849498997996,0.669338680661323,0.426853713146293,0.457034068136273,2.98256513026052,0.25
1.92144288577154,9.14749498997996,0.910821644178357,0.206412833587174,0.790581162324649,2.72975951903808,0.641
1.20480961923848,7.63957915831663,0.751503008496994,0.243486981513026,0.39002004008016,2.41302605210421,0.051
13.2382765531062,14.2684368737475,0.160320649679359,0.721442888557114,0.789058116232465,2.82855711422846,0.367
8.56523046092184,7.90831663326653,0.28256513743487,0.165330669669339,0.600961923847695,1.39889779559118,0.906
13.8802605210421,4.90741482965932,0.780561124438878,0.571142288857715,0.361082164328657,0.143587174348697,0.666
4.17585170340681,4.87755511022044,0.245490989509018,0.559118240881764,0.690060120240481,0.931062124248497,0.122
6.5496993987976,8.04268537074148,0.143286581713427,0.0430861819138277,0.629899799599198,1.66042084168337,0.933
3.75781563126253,3.93697394789579,0.511022048977956,0.648296596703407,0.412104208416834,1.25360721442886,0.833
2.83216432865731,2.175250501002,0.857715432284569,0.621242488757515,0.833226452905812,0.573647294589178,0.597
9.77454909819639,4.02655310621242,0.53006012493988,0.929859720140281,0.495110220440882,1.962625250501,0.193
7.69929859719439,14.8208416833667,0.344689385310621,0.305611229388777,0.893386773547094,0.59689378757515,0.846
5.32545090180361,5.22094188376753,0.384769545230461,0.436873753126252,0.981723446893788,1.69238476953908,0.08
11.2078156312625,8.63987975951904,0.313627261372745,0.239478965521042,0.469218436873747,1.51803607214429,0.831
4.95220440881763,10.47625250501,0.651302608697395,0.743486976513026,0.400681362725451,1.8812625250501,0.568
2.48877755511022,2.53356713426854,0.493987981012024,0.70741483258517,0.782204408817635,1.62264529058116,0.168
12.2678356713427,13.8205410821643,0.839679360320641,0.668336676663327,0.340521042084168,1.23036072144289,0.089
14.7312625250501,4.65360721442886,0.0180360819639279,0.633266536733467,0.599438877755511,0.297595190380762,0.052
14.148997995992,3.75781563126253,0.565130264869739,0.953907816092184,0.785250501002004,1.32625250501002,0.304
14.9402805611222,13.9250501002004,0.46492986507014,0.5250501049499,0.957354709418838,1.92194388777555,0.003
8.31142284569138,1.45861723446894,0.18737475762525,0.383767541232465,0.684729458917836,1.63426853707415,0.329
1.62284569138277,8.02775551102205,0.919839680160321,0.0781563218436874,0.477595190380761,2.86923847695391,0.738
12.3872745490982,6.65420841683367,0.415831669168337,0.982965932034068,0.351943887775551,1.52675350701403,0.782
12.551503006012,8.19198396793587,0.150300609699399,0.483967941032064,0.673306613226453,0.591082164328657,0.534
1.50340681362725,2.56342685370742,0.955911824088176,0.694388780611222,0.541563126252505,2.0875751503006,0.165
14.4625250501002,5.60911823647295,0.779559120440882,0.96492986007014,0.78372745490982,1.7127254509018,0.525
1.33917835671343,0.6374749498998,0.211422853577154,0.481963933036072,0.897955911823647,0.811923847695391,0.413
12.0588176352705,11.4019038076152,0.978957916042084,0.430861729138276,0.418957915831663,2.27064128256513,0.491
1.1749498997996,13.3129258517034,0.0501002098997996,0.176352713647295,0.441803607214429,1.85801603206413,0.275
14.7163326653307,8.32635270541082,0.336673353326653,0.204408825591182,0.782965931863727,0.26563126252505,0.785
14.4177354709419,2.74258517034068,0.0130260619739479,0.0350701499298597,0.696913827655311,1.16643286573146,0.308
10.0283567134269,0.801703406813627,0.24248497751503,0.554108220891784,0.952024048096192,0.567835671342685,0.32
14.6864729458918,3.68316633266533,0.218436881563126,0.581162328837675,0.755551102204409,1.32915831663327,0.029
0.951002004008016,2.32454909819639,0.296593193406814,0.800601204398798,0.249138276553106,0.870040080160321,0.731
2.69779559118237,14.3580160320641,0.814629260370741,0.114228465771543,0.462364729458918,1.36983967935872,0.683
8.49058116232465,7.66943887775551,0.55511022488978,0.275551109448898,0.868256513026052,2.97384769539078,0.262
3.13076152304609,10.715130260521,0.0470941979058116,0.285571149428858,0.839318637274549,2.174749498998,0.326
3.95190380761523,7.83366733466934,0.323647301352705,0.357715437284569,0.404488977955912,1.74468937875752,0.93
13.7011022044088,2.13046092184369,0.937875752124248,0.276553113446894,0.377074148296593,0.861322645290581,0.713
4.45951903807615,6.77364729458918,0.194388785611222,0.973947896052104,0.310821643286573,0.480661322645291,0.238
12.0289579158317,1.13016032064128,0.309619245380761,0.691382768617234,0.250661322645291,0.803206412825651,0.837
5.07164328657315,12.9396793587174,0.349699405300601,0.188376761623246,0.913947895791583,0.155210420841683,0.35
6.25110220440882,7.89338677354709,0.516032068967936,0.547094192905812,0.980200400801603,2.96803607214429,0.947
6.31082164328657,1.3690380761523,0.395791589208417,0.891783568216433,0.241523046092184,0.506813627254509,0.699
10.6703406813627,14.2087174348697,0.79258517241483,0.343687381312625,0.688537074148297,2.39559118236473,0.407
0.50310621242485,6.93787575150301,0.528056116943888,0.236472953527054,0.817234468937876,2.30841683366733,0.446
9.61032064128256,4.08627254509018,0.0761523138476954,0.0711422938577154,0.779158316633267,2.18056112224449,0.095
13.4323647294589,12.3275551102204,0.544088180911824,0.880761524238477,0.990861723446894,1.82895791583166,0.171
9.3565130260521,11.5213426853707,0.0911823738176352,0.920841684158317,0.671783567134268,1.35821643286573,0.973
4.89248496993988,3.16062124248497,0.314629265370741,0.928857716142285,0.948216432865731,2.79659318637275,0.163
9.86412825651303,13.3427855711423,0.624248500751503,0.810621244378757,0.865210420841683,2.07014028056112,0.657
12.0140280561122,3.11583166332665,0.541082168917836,0.22244489755511,0.321482965931864,1.3436873747495,0.545
0.532965931863727,0.592685370741483,0.0300601299398798,0.150300609699399,0.950501002004008,0.38186372745491,0.401
9.37144288577154,7.78887775551102,0.152304617695391,0.374749505250501,0.531663326653307,1.22164328657315,0.241
4.3997995991984,12.6112224448898,0.684368740631263,0.395791589208417,0.739559118236473,0.977555110220441,0.845
5.38517034068136,3.98176352705411,0.492985977014028,0.280561129438878,0.77687374749499,1.26813627254509,0.496
11.6855711422846,6.98266533066132,0.948897796102204,0.619238480761523,0.242284569138277,0.701503006012024,0.439
11.6258517034068,10.237374749499,0.54008016491984,0.596192388807615,0.434949899799599,2.18637274549098,0.436
4.42965931863727,14.6416833667335,0.195390789609218,0.23246493753507,0.254468937875751,0.413827655310621,0.108
10.4314629258517,11.2973947895792,0.299599205400802,0.779559120440882,0.859118236472946,0.87875751503006,0.296
12.3424849699399,7.10210420841683,0.0350701499298597,0.0861723538276553,0.827895791583166,2.66002004008016,0.761
7.77394789579158,2.07074148296593,0.558116236883768,0.93486974013026,0.708336673346693,1.23907815631263,0.092
5.60911823647295,12.3723446893788,0.701402808597194,0.359719445280561,0.784488977955912,0.968837675350701,0.878
7.2812625250501,5.87785571142285,0.451903813096192,0.616232468767535,0.821803607214429,2.87214428857715,0.714
5.26573146292585,14.6715430861723,0.263527061472946,0.968937876062124,0.608577154308617,1.82314629258517,0.12
8.61002004008016,7.29619238476954,0.915831664168337,0.384769545230461,0.678637274549098,2.05561122244489,0.587
0.144789579158317,1.35410821643287,0.113226461773547,0.486973953026052,0.90937875751503,0.733466933867735,0.504
12.5216432865731,10.7449899799599,0.75751503248497,0.76753507246493,0.600200400801603,2.49438877755511,0.624
2.92174348697395,4.81783567134269,0.971943888056112,0.456913833086172,0.355751503006012,2.50891783567134,0.673
6.93787575150301,1.75721442885772,0.383767541232465,0.104208425791583,0.328336673346693,0.840981963927856,0.692
5.81813627254509,14.9552104208417,0.923847696152305,0.21743487756513,0.562885771543086,2.95350701402806,0.778
12.6560120240481,14.626753507014,0.201402813597194,0.140280569719439,0.415911823647295,1.25941883767535,0.839
6.37054108216433,1.62284569138277,0.102204417795591,0.356713433286573,0.562124248496994,2.93316633266533,0.386
6.38547094188377,6.40040080160321,0.182364737635271,0.0290581259418838,0.747935871743487,2.39849699398798,0.336
11.4466933867735,1.20480961923848,0.00601203398797595,0.768537076462926,0.62,1.61683366733467,0.037
4.16092184368737,1.78707414829659,0.238476961523046,0.178356721643287,0.806573146292585,2.47114228456914,0.33
5.23587174348697,5.72855711422846,0.529058120941884,0.773547096452906,0.685490981963928,1.63717434869739,0.634
8.65480961923848,3.35470941883768,0.180360729639279,0.744488980511022,0.928416833667335,1.15480961923848,0.461
7.92324649298597,6.38547094188377,0.450901809098196,0.417835677164329,0.333667334669339,0.907815631262525,0.779
1.84679358717435,10.1776553106212,0.0420841779158317,0.476953913046092,0.971062124248497,0.329559118236473,0.859
14.3430861723447,4.71332665330661,0.901803608196393,0.201402813597194,0.941362725450902,0.137775551102204,0.958
9.59539078156313,0.294088176352705,0.863727456272545,0.26753507746493,0.932224448897796,2.64839679358717,0.891
13.7458917835671,5.54939879759519,0.634268540731463,0.0460921939078156,0.79438877755511,2.55541082164329,0.185
2.787374749499,0.846492985971944,0.596192388807615,0.48997996502004,0.881202404809619,2.71813627254509,0.62
0.831563126252505,13.7309619238477,0.490981969018036,0.448897801102204,0.530140280561122,2.86342685370742,0.335
1.08537074148297,4.1310621242485,0.895791584208417,0.618236476763527,0.921563126252505,0.1,0.942
6.71392785571142,9.04298597194389,0.0981964018036072,0.327655317344689,0.991623246492986,0.872945891783567,0.915
11.7303607214429,2.57835671342685,0.77755511244489,0.570140284859719,0.798957915831663,1.90160320641283,0.786
8.44579158316633,5.32545090180361,0.608216436783567,0.458917841082164,0.987815631262525,2.22705410821643,0.76
4.1310621242485,10.9838677354709,0.390781569218437,0.755511024488978,0.721282565130261,2.03527054108216,0.936
14.0594188376754,12.8948897795591,0.441883773116232,0.344689385310621,0.289498997995992,0.43997995991984,0.201
8.3562124248497,11.7751503006012,0.284569145430862,0.428857721142284,0.859879759519038,2.67745490981964,0.995
6.41533066132265,0.562825651302605,0.928857716142285,0.723446896553106,0.247615230460922,1.12575150300601,0.111
2.23496993987976,11.0137274549098,0.76252505247495,0.335671349328657,0.534709418837675,2.14859719438878,0.771
8.77424849699399,12.5962925851703,0.209418845581162,0.890781564218437,0.606292585170341,1.14899799599198,0.577
10.103006012024,11.7900801603206,0.400801609198397,0.823647296352705,0.651983967935872,2.7936873747495,0.358
5.56432865731463,10.6255511022044,0.100200409799599,0.841683368316633,0.662645290581162,1.86382765531062,0.107
14.3281563126253,1.93637274549098,0.570140284859719,0.521042088957916,0.72813627254509,0.108717434869739,0.365
3.98176352705411,1.69749498997996,0.716432868567134,0.196392793607214,0.823326653306613,1.37565130260521,0.889
4.69839679358717,10.6703406813627,0.353707421292585,0.636272548727455,0.3374749498998,2.02364729458918,0.516
0.23436873747495,10.7002004008016,0.432865737134268,0.487975957024048,0.899478957915832,1.36402805611222,0.314
12.8650300601202,3.84739478957916,0.26753507746493,0.119238485761523,0.901002004008016,2.53507014028056,0.695
7.98296593186373,8.8936873747495,0.929859720140281,0.107214437785571,0.962685370741483,2.11953907815631,0.189
10.7449899799599,9.10270541082164,0.805611224388778,0.965931864068136,0.378597194388778,2.0439879759519,0.614
9.23707414829659,7.41563126252505,0.0290581259418838,0.512024052975952,0.481402805611222,1.70981963927856,0.441
3.87725450901804,11.4317635270541,0.876753508246493,0.842685372314629,0.7174749498998,1.6749498997996,0.452
9.44609218436874,4.23557114228457,0.982965932034068,0.771543088456914,0.287975951903808,1.95971943887776,0.421
4.862625250501,4.56402805611222,0.532064132935872,0.245490989509018,0.437234468937876,1.07344689378758,0.287
9.25200400801603,12.1931863727455,0.506012028987976,0.161322653677355,0.54689378757515,0.675350701402806,0.177
9.41623246492986,4.89248496993988,0.0771543178456914,0.0771543178456914,0.502725450901804,1.81733466933868,0.402
14.4774549098196,2.68286573146293,0.382765537234469,0.131262533737475,0.565170340681363,2.02074148296593,0.494
7.60971943887776,7.02745490981964,0.428857721142284,0.354709425290581,0.265130260521042,2.53216432865731,0.689
4.74318637274549,13.5219438877756,0.547094192905812,0.820641284358717,0.714428857715431,2.76462925851703,0.133
7.62464929859719,7.20661322645291,0.114228465771543,0.610220444779559,0.718236472945892,1.84929859719439,0.948
13.4771543086172,5.45981963927856,0.379759525240481,0.73246493253507,0.764689378757515,2.70070140280561,0.288
12.1185370741483,12.2230460921844,0.0430861819138277,0.576152308847695,0.665691382765531,2.08466933867735,0.078
2.08567134268537,5.07164328657315,0.443887781112224,0.0661322738677355,0.670260521042084,1.53547094188377,0.663
14.8656312625251,3.63837675350701,0.216432873567134,0.605210424789579,0.71062124248497,2.41012024048096,0.913
11.327254509018,11.1331663326653,0.167334677665331,0.846693388306613,0.323006012024048,0.483567134268537,0.83
11.9692384769539,12.9993987975952,0.0601202498797595,0.46492986507014,0.352705410821643,0.271442885771543,0.816
1.11523046092184,11.5512024048096,0.832665332334669,0.532064132935872,0.802765531062124,2.67454909819639,0.268
13.3577154308617,8.28156312625251,0.420841689158317,0.844689380310621,0.587254509018036,0.20751503006012,0.495
6.10180360721443,7.65450901803607,0.481963933036072,0.615230464769539,0.50501002004008,0.492284569138277,0.06
12.6410821643287,12.9844689378758,0.827655312344689,0.931863728136272,0.932985971943888,1.18386773547094,0.414
14.8059118236473,0.77184368737475,0.755511024488978,0.794589180410822,0.482164328657315,0.181362725450902,0.851
12.8501002004008,10.1328657314629,0.357715437284569,0.817635272364729,0.69310621242485,2.26482965931864,0.982
2.10060120240481,8.95340681362725,0.00901804598196393,0.438877761122244,0.704529058116232,0.210420841683367,0.265
2.35440881763527,10.3418837675351,0.775551104448898,0.963927856072144,0.885771543086172,0.817735470941884,0.36
2.11553106212425,9.4311623246493,0.30260521739479,0.784569140430862,0.697675350701403,1.95100200400802,0.596
6.19138276553106,10.2224448897796,0.306613233386773,0.317635277364729,0.988577154308617,0.835170340681363,0.857
4.60881763527054,0.443386773547094,0.411823653176353,0.68737475262525,0.86064128256513,2.6687374749499,0.106
4.35501002004008,9.07284569138277,0.304609225390782,0.593186376813627,0.572785571142285,0.320841683366733,0.514
8.25170340681363,9.28186372745491,0.22244489755511,0.558116236883768,0.533947895791583,1.04729458917836,0.217
12.5813627254509,10.9241482965932,0.47995992504008,0.397795597204409,0.869779559118236,2.97094188376753,0.412
3.47414829659319,1.21973947895792,0.0160320739679359,0.470941889058116,0.310060120240481,2.4188376753507,0.079
3.7876753507014,7.22154308617234,0.326653313346693,0.95991984008016,0.709098196392786,1.99458917835671,0.036
8.43086172344689,12.2678356713427,0.973947896052104,0.166332673667335,0.251422845691383,1.95390781563126,0.712
13.0591182364729,4.3997995991984,0.388777561222445,0.804609220390782,0.948977955911824,1.29428857715431,0.69
7.50521042084168,4.6685370741483,0.466933873066132,0.0721442978557114,0.504248496993988,1.10831663326653,0.877
14.7014028056112,7.43056112224449,0.931863728136272,0.572144292855711,0.74565130260521,1.81152304609218,0.468
8.83396793587174,3.56372745490982,0.213426861573146,0.881763528236473,0.682444889779559,2.63386773547094,0.198
11.3720440881764,14.8656312625251,0.171342693657315,0.0110220539779559,0.769258517034068,1.46573146292585,0.972
13.0292585170341,12.8202404809619,0.826653308346693,0.0150300699699399,0.381643286573146,0.922344689378757,0.96
12.1633266533066,14.148997995992,0.144288585711423,0.249499005501002,0.649699398797595,0.710220440881764,0.309
4.96713426853707,6.17645290581162,0.501002008997996,0.582164332835671,0.362605210420842,2.93607214428858,0.647
9.6998997995992,14.2982965931864,0.168336681663327,0.925851704148297,0.373266533066132,2.2561122244489,0.984
0.279158316633267,13.2681362725451,0.553106216893788,0.153306621693387,0.891102204408818,1.55871743486974,0.29
2.54849699398798,9.41623246492986,0.9749499000501,0.690380764619238,0.279599198396794,2.16603206412826,0.976
8.53537074148297,12.1334669338677,0.433867741132264,0.451903813096192,0.722805611222445,2.75591182364729,0.871
11.2973947895792,10.1925851703407,0.889779560220441,0.0521042178957916,0.703006012024048,2.5002004008016,0.781
2.16032064128257,0.204509018036072,0.0220440979559118,0.710420844579158,0.307014028056112,1.39599198396794,0.174
5.22094188376753,9.05791583166333,0.977955912044088,0.130260529739479,0.70376753507014,0.317935871743487,0.076
13.8354709418838,10.5359719438878,0.0731463018537074,0.587174352825651,0.603246492985972,1.49188376753507,0.65
9.56553106212425,11.8796593186373,0.151302613697395,0.675350704649299,0.510340681362725,1.9684368737475,0.227
3.08597194388778,6.46012024048096,0.842685372314629,0.156312633687375,0.757074148296593,2.9564128256513,0.068
0.682264529058116,6.51983967935872,0.764529060470942,0.756513028486974,0.622284569138277,2.3374749498998,0.188
4.65360721442886,10.9689378757515,0.53507014492986,0.873747496252505,0.987054108216433,2.65420841683367,0.646
1.66763527054108,11.6407815631263,0.941883768116232,0.600200404799599,0.506533066132264,2.87795591182365,0.125
9.75961923847695,10.9390781563126,0.311623253376753,0.597194392805611,0.528617234468938,1.20711422845691,0.232
12.2976953907816,14.4475951903808,0.675350704649299,0.884769540230461,0.294829659318637,2.26192384769539,0.736
4.81783567134269,5.71362725450902,0.653306616693387,0.0551102298897796,0.942124248496994,0.306312625250501,0.128
3.3248496993988,14.5371743486974,0.79759519240481,0.273547101452906,0.460080160320641,1.97424849699399,0.941
10.3418837675351,2.50370741482966,0.549098200901804,0.882765532234469,0.575831663326653,2.94478957915832,0.383
0.443386773547094,13.1188376753507,0.936873748126252,0.418837681162325,0.542324649298597,1.44539078156313,0.616
8.52044088176353,14.4625250501002,0.0951903898096192,0.632264532735471,0.508056112224449,1.79408817635271,0.34
3.45921843687375,8.93847695390782,0.812625252374749,0.877755512244489,0.284929859719439,1.72434869739479,0.192
3.02625250501002,0.89128256513026,0.126252513747495,0.45490982509018,0.60248496993988,2.01202404809619,0.252
11.3571142284569,6.72885771543086,0.389779565220441,0.585170344829659,0.873587174348697,2.15731462925852,0.997
11.0435871743487,5.38517034068136,0.224448905551102,0.516032068967936,0.535470941883768,1.22745490981964,0.548
14.4475951903808,13.4771543086172,0.655310624689379,0.268537081462926,0.972585170340681,1.25070140280561,0.895
10.7002004008016,13.0143286573146,0.726452908547094,0.514028060971944,0.862925851703407,2.49729458917836,0.221
5.69869739478958,9.74468937875752,0.952905812094188,0.645290584709419,0.974108216432866,2.18927855711423,0.819
8.74438877755511,1.86172344689379,0.141282573717435,0.544088180911824,0.446372745490982,1.06763527054108,0.214
9.32665330661323,9.67004008016032,0.364729465270541,0.671342688657315,0.568216432865732,0.474849699398798,0.622
9.81933867735471,3.83246492985972,0.836673348326653,0.889779560220441,0.740320641282565,0.788677354709419,0.466
0.249298597194389,9.58046092184369,0.19739479760521,0.943887776112224,0.410581162324649,2.88667334669339,0.137
2.4439879759519,2.93667334669339,0.564128260871744,0.465931869068136,0.56060120240481,1.49478957915832,0.211
13.7906813627255,7.59478957915832,0.73747495252505,0.69238477261523,0.527094188376753,2.56412825651303,0.558
11.7751503006012,6.08687374749499,0.483967941032064,0.377755517244489,0.728897795591182,0.425450901803607,0.025
12.7754509018036,3.5189378757515,0.628256516743487,0.382765537234469,0.748697394789579,0.774148296593186,0.388
9.83426853707415,7.8187374749499,0.130260529739479,0.336673353326653,0.441042084168337,1.64879759519038,0.276
2.47384769539078,8.29649298597194,0.671342688657315,0.233466941533066,0.815711422845691,2.13406813627255,0.423
8.95340681362725,7.80380761523046,0.704408820591182,0.886773548226453,0.358036072144289,0.782865731462926,0.485
9.80440881763527,1.04058116232465,0.0701402898597194,0.51503006496994,0.401442885771543,2.70360721442886,0.218
10.3866733466934,8.14719438877755,0.899799600200401,0.814629260370741,0.898717434869739,0.541683366733467,0.929
13.7608216432866,13.1785571142285,0.884769540230461,0.0501002098997996,0.773827655310621,2.35200400801603,0.863
14.522244488978,13.0740480961924,0.846693388306613,0.210420849579158,0.671022044088176,0.608517034068136,0.513
5.59418837675351,0.413527054108216,0.293587181412826,0.647294592705411,0.447134268537074,2.90410821643287,0.382
11.2376753507014,12.2081162324649,0.650300604699399,0.502004012995992,0.315390781563126,1.87835671342685,0.593
1.14509018036072,1.47354709418838,0.983967936032064,0.45991984508016,0.42124248496994,1.68076152304609,0.503
1.72735470941884,7.46042084168337,0.589178360821643,0.536072148927856,0.616192384769539,2.99418837675351,0.799
13.1934869739479,3.90711422845691,0.859719440280561,0.0571142378857715,0.439519038076152,0.983366733466934,0.429
7.35591182364729,8.44579158316633,0.199398805601202,0.0701402898597194,0.269699398797595,2.33456913827655,0.74
5.05671342685371,6.29589178356713,0.865731464268537,0.29258517741483,0.699198396793587,1.14028056112224,0.059
7.52014028056112,1.16002004008016,0.595190384809619,0.171342693657315,0.959639278557114,1.38436873747495,0.963
14.5670340681363,2.02595190380762,0.943887776112224,0.279559125440882,0.853787575150301,1.3872745490982,0.869
8.07254509018036,1.05551102204409,0.706412828587174,0.706412828587174,0.577354709418838,2.85470941883768,0.417
11.1480961923848,7.74408817635271,0.645290584709419,0.826653308346693,0.632945891783567,1.55581162324649,0.868
12.924749498998,4.862625250501,0.616232468767535,0.611222448777555,0.556793587174349,2.55250501002004,0.884
6.32575150300601,4.25050100200401,0.19238477761523,0.508016036983968,0.316152304609218,1.45410821643287,0.834
3.07104208416834,7.11703406813627,0.786573148426854,0.655310624689379,0.652745490981964,2.79078156312625,0.11
3.2502004008016,13.3726452905812,0.378757521242485,0.568136276863727,0.452464929859719,2.23286573146293,0.15
9.67004008016032,4.20571142284569,0.976953908046092,0.155310629689379,0.568977955911824,0.893286573146293,0.517
11.3869739478958,1.54819639278557,1e-08,0.845691384308617,0.895671342685371,2.62224448897796,0.715
7.75901803607214,5.48967935871744,0.370741489258517,0.836673348326653,0.292545090180361,0.843887775551102,0.033
4.90741482965932,0.473246492985972,0.972945892054108,0.988977956022044,0.329098196392786,2.37815631262525,0.02
7.40070140280561,10.4463927855711,0.399799605200401,0.911823648176353,0.992384769539078,1.61102204408818,0.602
9.29679358717435,11.461623246493,0.539078160921844,0.283567141432866,0.929178356713427,2.51763527054108,0.049
4.9372745490982,8.53537074148297,0.145290589709419,0.350701409298597,0.878917835671343,2.81983967935872,0.432
8.6249498997996,11.9095190380762,0.246492993507014,0.862725452274549,0.570501002004008,2.88957915831663,0.239
14.9850701402806,14.8507014028056,0.813627256372745,0.923847696152305,0.733466933867736,0.399298597194389,0.755
6.4750501002004,1.92144288577154,0.967935872064128,0.163326661673347,0.319959919839679,2.52635270541082,0.236
0.77184368737475,13.7608216432866,0.630260524739479,0.822645292354709,0.855310621242485,0.515531062124248,0.579
8.41593186372745,9.23707414829659,0.921843688156313,0.680360724639279,0.96877755511022,1.09669338677355,0.342
5.95250501002004,4.84769539078156,0.600200404799599,0.341683373316633,0.966492985971944,2.5437875751503,0.371
12.1782565130261,6.34068136272545,0.534068140931864,0.870741484258517,0.267414829659319,0.332464929859719,0.528
4.84769539078156,7.56492985971944,0.508016036983968,0.552104212895792,0.735751503006012,0.852605210420842,0.182
14.6416833667335,6.23617234468938,0.691382768617234,0.832665332334669,0.358797595190381,0.669539078156313,0.768
10.9838677354709,4.10120240480962,0.536072148927856,0.948897796102204,0.393066132264529,0.224949899799599,0.203
5.53446893787575,8.46072144288577,0.0360721539278557,0.413827661172345,0.268176352705411,0.933967935871743,0.676
6.65420841683367,13.4920841683367,0.00100201399799599,0.440881769118236,0.580400801603206,2.78496993987976,0.802
9.01312625250501,4.48937875751503,0.903807616192385,0.857715432284569,0.791342685370741,2.84889779559118,0.807
10.4165330661323,5.35531062124249,0.754509020490982,0.843687376312625,0.559839679358717,2.35781563126252,0.375
8.69959919839679,1.9065130260521,0.613226456773547,0.976953908046092,0.927655310621243,0.599799599198397,0.325
6.95280561122244,14.2833667334669,0.870741484258517,0.351703413296593,0.707575150300601,0.832264529058116,0.101
13.297995991984,12.7605210420842,0.509018040981964,0.25751503748497,0.447895791583166,2.03236472945892,0.51
3.5935871743487,3.01132264529058,0.139278565721443,0.423847701152305,0.68625250501002,0.126152304609218,0.765
2.30961923847695,12.2529058116232,0.338677361322645,0.537074152925852,0.961162324649299,2.28226452905812,0.406
4.0564128256513,2.84709418837675,0.992985972014028,0.770541084458918,0.980961923847695,1.12284569138277,0.552
0.159719438877756,6.99759519038076,0.0400801699198397,0.44488978511022,0.273507014028056,2.48857715430862,0.864
12.9396793587174,12.4619238476954,0.571142288857715,0.225450909549098,0.872825651302605,1.27394789579158,0.652
14.6566132264529,11.8647294589178,0.374749505250501,0.801603208396794,0.314629258517034,0.442885771543086,0.661
11.9095190380762,12.8799599198397,0.128256521743487,0.922845692154309,0.857595190380761,0.919438877755511,0.89
9.92384769539078,3.99669338677355,0.430861729138276,0.0310621339378757,0.87434869739479,0.259819639278557,0.838
7.83366733466934,11.327254509018,0.196392793607214,0.991983968016032,0.648937875751503,2.29679358717435,0.132
11.5512024048096,12.6709418837675,0.21743487756513,0.0871743578256513,0.304729458917836,1.94519038076152,0.356
13.3726452905812,5.1313627254509,0.676352708647295,0.995991984008016,0.423527054108216,2.77334669338677,0.195
11.1033066132265,7.08717434869739,0.824649300350701,0.851703408296593,0.532424849699399,0.971743486973948,0.105
1.4436873747495,3.42935871743487,0.48997996502004,0.172344697655311,0.301683366733467,1.98006012024048,0.971
8.29649298597194,2.95160320641283,0.945891784108216,0.466933873066132,0.540040080160321,1.82024048096192,0.186
4.31022044088176,2.48877755511022,0.908817636182365,0.879759520240481,0.712905811623247,1.48026052104208,0.682
14.2833667334669,12.0886773547094,1,0.369739485260521,0.84997995991984,0.268537074148297,0.474
9.64018036072144,14.3430861723447,0.588176356823647,0.78256513243487,0.863687374749499,0.707314629258517,0.927
4.07134268537074,8.80410821643287,0.760521044478958,0.152304617695391,0.747174348697395,1.01533066132265,0.608
1.54819639278557,12.1185370741483,0.307615237384769,0.665330664669339,0.576593186372745,0.646292585170341,0.458
3.16062124248497,8.56523046092184,0.375751509248497,0.230460929539078,0.538517034068136,0.15811623246493,0.969
4.72825651302605,9.37144288577154,0.622244492755511,0.0591182458817635,0.913186372745491,1.65170340681363,0.951
6.17645290581162,8.37114228456914,0.639278560721443,0.935871744128256,0.930701402805611,1.14609218436874,0.526
0.518036072144289,3.04118236472946,0.801603208396794,0.452905817094188,0.753266533066132,1.41342685370741,0.253
1.65270541082164,9.11763527054108,0.78757515242485,0.0410821739178357,0.473026052104208,2.59609218436874,0.84
2.65300601202405,12.1633266533066,0.821643288356713,0.753507016492986,0.986292585170341,1.39018036072144,0.639
12.9098196392786,8.25170340681363,0.24749499750501,0.0370741579258517,0.342044088176353,2.72685370741483,0.735
6.13166332665331,1.68256513026052,0.678356716643287,0.259519045480962,0.843887775551102,2.2996993987976,0.04
11.834869739479,12.9098196392786,0.0531062218937876,0.71743487256513,0.875110220440882,2.09629258517034,0.424
3.99669338677355,8.49058116232465,0.968937876062124,0.311623253376753,0.265891783567134,1.62845691382766,0.352
4.57895791583166,11.1182364729459,0.771543088456914,0.482965937034068,0.530901803607214,2.7065130260521,0.858
10.5210420841683,12.4320641282565,0.163326661673347,0.132264537735471,0.974869739478958,1.0124248496994,0.385
6.63927855711423,7.84859719438878,0.228456921543086,0.0751503098496994,0.869018036072144,2.23577154308617,0.631
1.35410821643287,6.7437875751503,0.122244497755511,0.182364737635271,0.631422845691383,0.756713426853707,0.617
10.1328657314629,2.63807615230461,0.0200400899599198,0.367735477264529,0.539278557114228,2.90701402805611,0.722
12.9695390781563,7.0125250501002,0.617234472765531,0.205410829589178,0.912424849699399,1.68366733466934,0.488
12.4917835671343,9.17735470941884,0.584168340831663,0.387775557224449,0.320721442885772,1.45991983967936,0.333
3.20541082164329,4.17585170340681,0.0541082258917836,0.543086176913828,0.43190380761523,1.68947895791583,0.492
9.46102204408818,12.5365731462926,0.208416841583166,0.821643288356713,0.827134268537074,2.13697394789579,0.291
11.2824649298597,8.13226452905812,0.683366736633267,0.688376756623246,0.965731462925852,0.8874749498998,0.694
2.57835671342685,5.19108216432866,0.0961923938076152,0.501002008997996,0.614669338677355,1.34949899799599,0.637
0.309018036072144,3.02625250501002,0.615230464769539,0.628256516743487,0.907094188376753,1.43086172344689,0.881
10.6852705410822,12.4768537074148,0.811623248376753,0.848697396302605,0.33062124248497,2.09048096192385,0.085
7.57985971943888,1.80200400801603,0.758517036482966,0.228456921543086,0.699959919839679,1.24488977955912,0.912
9.93877755511022,2.11553106212425,0.95991984008016,0.946893788106212,0.947454909819639,0.704408817635271,0.753
8.20691382765531,11.1630260521042,0.603206416793587,0.803607216392786,0.955070140280561,2.77915831663327,0.172
2.05581162324649,3.92204408817635,0.840681364318637,0.789579160420842,0.503486973947896,0.451603206412826,0.797
0.338877755511022,14.8059118236473,0.179358725641283,0.876753508246493,0.961923847695391,0.242384769539078,0.093
1.87665330661323,13.0292585170341,0.830661324338677,0.0480962019038076,0.461603206412826,0.152304609218437,0.724
8.98326653306613,10.4911823647295,0.485971949028056,0.315631269368737,0.386212424849699,1.75050100200401,0.463
12.4768537074148,8.72945891783567,0.890781564218437,0.637274552725451,0.775350701402806,1.43957915831663,0.387
5.50460921843687,11.939378757515,0.542084172915832,0.676352708647295,0.43875751503006,0.660821643286573,0.52
12.3723446893788,9.81933867735471,0.178356721643287,0.185370749629258,0.517194388777555,2.68036072144289,0.886
7.55,0.936072144288577,0.280561129438878,0.0470941979058116,0.341282565130261,1.51513026052104,0.968
1.29438877755511,9.95370741482966,0.183366741633266,0.306613233386773,0.485971943887776,0.570741482965932,0.618
8.0874749498998,10.8047094188377,0.880761524238477,0.760521044478958,0.667975951903808,2.47985971943888,0.903
5.92264529058116,7.68436873747495,0.591182368817635,0.624248500751503,0.80809619238477,1.54709418837675,0.091
6.68406813627255,12.6261523046092,0.27254509745491,0.0390781659218437,0.274268537074148,2.25901803607214,0.034
12.446993987976,9.56553106212425,0.172344697655311,0.786573148426854,0.370981963927856,1.85220440881764,0.302
2.95160320641283,2.5186372745491,0.0440881859118236,0.966933868066132,0.64436873747495,1.11703406813627,0.656
0.6374749498998,5.98236472945892,0.0390781659218437,0.816633268366733,0.907855711422846,0.544589178356713,0.245
11.2675350701403,8.98326653306613,0.446893793106212,0.0280561219438878,0.896432865731463,2.32585170340681,0.977
8.66973947895792,7.16182364729459,0.823647296352705,0.538076156923848,0.590300601202405,2.16312625250501,0.011
5.34038076152305,9.83426853707415,0.820641284358717,0.75250501249499,0.612384769539078,2.68617234468938,0.883
7.0125250501002,10.4613226452906,0.112224457775551,0.0641282658717435,0.763927855711423,1.73887775551102,0.035
2.66793587174349,12.5067134268537,0.990981964018036,0.0190380859619238,0.810380761523046,2.99128256513026,0.015
8.40100200400802,5.23587174348697,0.546092188907816,0.134268545731463,0.413627254509018,2.99709418837675,0.619
7.41563126252505,13.1934869739479,0.157314637685371,0.561122248877756,0.98248496993988,0.524248496993988,0.551
10.237374749499,10.4165330661323,0.0340681459318637,0.0250501099498998,0.48064128256513,0.370240480961924,0.317
10.9092184368737,1.96623246492986,0.96492986007014,0.433867741132264,0.586492985971944,0.27434869739479,0.065
11.5362725450902,7.44549098196393,0.134268545731463,0.872745492254509,0.40372745490982,1.18967935871744,0.294
